"variable_name","variable_group","variable_description","source","levels","reference_level","n_non_na","missing_prop","mean","sd","median","q1","q3","n_levels","most_common_level","most_common_prop"
"RIDAGEYR","demoWAS","Best age in years of the sample person at time of HH screening.  Individual","DEMO",NA,NA,9847,0,38.8991571036864,16.5432630212975,39,24,53,NA,NA,NA
"AGE_SQUARED","demoWAS","Age squared (RIDAGEYR²)","DEMO",NA,NA,9847,0,1786.79618157815,1341.28042956382,1521,576,2809,NA,NA,NA
"RIAGENDR","demoWAS","Gender of the sample person","DEMO",NA,NA,9847,0,1.49822280897735,0.50002223179877,1,1,2,NA,NA,NA
"INDFMPIR","demoWAS","Poverty income ratio (PIR) - a ratio of family income to poverty threshold","DEMO",NA,NA,9031,0.0828678785416878,2.35558520651091,1.66299269528184,1.81,0.93,3.89,NA,NA,NA
"EDUCATION_LESS9","demoWAS","Edu: <9th grade (DMDEDUC2=1)","DEMO","0; 1","0",9839,0.000812430181781253,NA,NA,NA,NA,NA,2,"0",0.881898566927533
"EDUCATION_9_11","demoWAS","Edu: 9–11th grade (DMDEDUC2=2)","DEMO","0; 1","0",9838,0.00091398395450391,NA,NA,NA,NA,NA,2,"0",0.781154706241106
"EDUCATION_AA","demoWAS","Edu: AA/some college (DMDEDUC2=4)","DEMO","0; 1","0",9838,0.00091398395450391,NA,NA,NA,NA,NA,2,"0",0.750762350071153
"EDUCATION_COLLEGEGRAD","demoWAS","Edu: college graduate or above (DMDEDUC2=5)","DEMO","0; 1","0",9838,0.00091398395450391,NA,NA,NA,NA,NA,2,"0",0.801280748119537
"ETHNICITY_MEXICAN","demoWAS","Mexican American (RIDRETH1=1)","DEMO","0; 1","0",9847,0,NA,NA,NA,NA,NA,2,"0",0.826343048644257
"ETHNICITY_OTHERHISPANIC","demoWAS","Other Hispanic (RIDRETH1=2)","DEMO","0; 1","0",9847,0,NA,NA,NA,NA,NA,2,"0",0.898040012186453
"ETHNICITY_OTHER","demoWAS","Other race/multi-racial (RIDRETH1=5)","DEMO","0; 1","0",9847,0,NA,NA,NA,NA,NA,2,"0",0.878338580278257
"ETHNICITY_NONHISPANICBLACK","demoWAS","Non-Hispanic Black (RIDRETH1=4)","DEMO","0; 1","0",9847,0,NA,NA,NA,NA,NA,2,"0",0.757184929420128
"BORN_INUSA","demoWAS","Born in USA (DMDBORN4=1)","DEMO","0; 1","0",9842,0.000507768863613283,NA,NA,NA,NA,NA,2,"1",0.718045112781955
"TOOTH_DECAY_OHAROCDT","oradWAS","Tooth Decay","d_outcome_oh","0; 1","0",8500,0.136792931857419,NA,NA,NA,NA,NA,2,"0",0.711058823529412
"GUM_DISEASE_OHAROCGP","oradWAS","Gum Disease","d_outcome_oh","0; 1","0",8463,0.140550421448157,NA,NA,NA,NA,NA,2,"0",0.685808814841073
"ORAL_HYGIENE_OHAROCOH","oradWAS","Oral Hygiene","d_outcome_oh","0; 1","0",8457,0.141159744084493,NA,NA,NA,NA,NA,2,"0",0.660163178432068
"DENTURE_OHAROCDE","oradWAS","Denture","d_outcome_oh","0; 1","0",8444,0.142479943129887,NA,NA,NA,NA,NA,2,"0",0.940431075319754
"DR1TACAR","exWAS","Alpha-carotene (mcg)","DR1TOT_C",NA,NA,9406,0.0447852137706916,367.904741654263,1234.21570628409,41,8,201,NA,NA,NA
"DR1TALCO","exWAS","Alcohol (gm)","DR1TOT_C",NA,NA,9406,0.0447852137706916,9.94727833297895,29.5176821826867,0,0,0,NA,NA,NA
"DR1TATOA","exWAS","Added alpha-tocopherol (Vitamin E) (mg)","DR1TOT_C",NA,NA,9406,0.0447852137706916,0.480905804805443,2.61000756877108,0,0,0,NA,NA,NA
"DR1TATOC","exWAS","Vitamin E as alpha-tocopherol (mg)","DR1TOT_C",NA,NA,9406,0.0447852137706916,7.96752817350627,6.2040895211803,6.52,4.1325,9.98,NA,NA,NA
"DR1TB12A","exWAS","Added vitamin B12 (mcg)","DR1TOT_C",NA,NA,9406,0.0447852137706916,0.913987880076547,2.37735612142623,0,0,0.08,NA,NA,NA
"DR1TBCAR","exWAS","Beta-carotene (mcg)","DR1TOT_C",NA,NA,9406,0.0447852137706916,1973.73793323411,4221.72432581141,641,249,2008.75,NA,NA,NA
"DR1TCAFF","exWAS","Caffeine (mg)","DR1TOT_C",NA,NA,9406,0.0447852137706916,134.95300871784,193.711710038513,75,5,188,NA,NA,NA
"DR1TCALC","exWAS","Calcium (mg)","DR1TOT_C",NA,NA,9406,0.0447852137706916,984.472677014671,628.763698428307,850.5,550,1267,NA,NA,NA
"DR1TCARB","exWAS","Carbohydrate (gm)","DR1TOT_C",NA,NA,9406,0.0447852137706916,272.751860514565,132.715838679528,250.82,181.99,338.1125,NA,NA,NA
"DR1TCHOL","exWAS","Cholesterol (mg)","DR1TOT_C",NA,NA,9406,0.0447852137706916,290.806400170104,236.352333533411,223,130,384,NA,NA,NA
"DR1TCOPP","exWAS","Copper (mg)","DR1TOT_C",NA,NA,9406,0.0447852137706916,1.27981968955986,1.09699227949179,1.109,0.791,1.539,NA,NA,NA
"DR1TCRYP","exWAS","Beta-cryptoxanthin (mcg)","DR1TOT_C",NA,NA,9406,0.0447852137706916,85.0090367850308,246.126791888801,23,6,88,NA,NA,NA
"DR1TFA","exWAS","Folic acid (mcg)","DR1TOT_C",NA,NA,9406,0.0447852137706916,193.56357644057,185.846018900681,146,76,253,NA,NA,NA
"DR1TFDFE","exWAS","Folate as dietary folate equivalents (mcg)","DR1TOT_C",NA,NA,9406,0.0447852137706916,547.893365936636,371.953859195097,465,300,690,NA,NA,NA
"DR1TFF","exWAS","Food folate (mcg)","DR1TOT_C",NA,NA,9406,0.0447852137706916,218.695938762492,143.872883222769,187,121,280,NA,NA,NA
"DR1TFIBE","exWAS","Dietary fiber (gm)","DR1TOT_C",NA,NA,9406,0.0447852137706916,16.8369551350202,10.5293062295281,14.7,9.5,21.6,NA,NA,NA
"DR1TFOLA","exWAS","Total Folate (mcg)","DR1TOT_C",NA,NA,9406,0.0447852137706916,412.267595152031,256.376753656238,359,236,523,NA,NA,NA
"DR1TIRON","exWAS","Iron (mg)","DR1TOT_C",NA,NA,9406,0.0447852137706916,15.233683818839,8.9093579619147,13.28,9.29,18.95,NA,NA,NA
"DR1TKCAL","exWAS","Energy (kcal)","DR1TOT_C",NA,NA,9406,0.0447852137706916,2201.06687220923,1025.37977699713,2008.5,1496,2697.75,NA,NA,NA
"DR1TLYCO","exWAS","Lycopene (mcg)","DR1TOT_C",NA,NA,9406,0.0447852137706916,5224.64628960238,9578.40270568984,1897,5,6009.75,NA,NA,NA
"DR1TLZ","exWAS","Lutein + zeaxanthin (mcg)","DR1TOT_C",NA,NA,9406,0.0447852137706916,1453.54741654263,3346.42951303872,651.5,310,1280,NA,NA,NA
"DR1TM161","exWAS","MFA 16:1 (Hexadecenoic) (gm)","DR1TOT_C",NA,NA,9406,0.0447852137706916,1.18601679778865,0.89730542407062,0.973,0.56125,1.564,NA,NA,NA
"DR1TM181","exWAS","MFA 18:1 (Octadecenoic) (gm)","DR1TOT_C",NA,NA,9406,0.0447852137706916,27.243239634276,16.7607034485919,23.9015,15.53625,35.20325,NA,NA,NA
"DR1TM201","exWAS","MFA 20:1 (Eicosenoic) (gm)","DR1TOT_C",NA,NA,9406,0.0447852137706916,0.297130554964916,0.27704643439907,0.226,0.131,0.375,NA,NA,NA
"DR1TM221","exWAS","MFA 22:1 (Docosenoic) (gm)","DR1TOT_C",NA,NA,9406,0.0447852137706916,0.0273196895598554,0.120088618568877,0.005,0,0.022,NA,NA,NA
"DR1TMAGN","exWAS","Magnesium (mg)","DR1TOT_C",NA,NA,9406,0.0447852137706916,297.901126940251,149.483878337545,270,195,368,NA,NA,NA
"DR1TMFAT","exWAS","Total monounsaturated fatty acids (gm)","DR1TOT_C",NA,NA,9406,0.0447852137706916,29.1879948968743,17.8249775918185,25.6735,16.69625,37.72575,NA,NA,NA
"DR1TMOIS","exWAS","Moisture (gm)","DR1TOT_C",NA,NA,9406,0.0447852137706916,2896.34701573464,1536.79670844072,2605.26,1852.105,3576.11,NA,NA,NA
"DR1TNIAC","exWAS","Niacin (mg)","DR1TOT_C",NA,NA,9406,0.0447852137706916,25.8302729109079,15.0152963839183,22.676,15.8145,32.04725,NA,NA,NA
"DR1TNUMF","exWAS","Total number of foods reported in the individual foods file","DR1TOT_C",NA,NA,9406,0.0447852137706916,15.2217733361684,5.86220815086947,14,11,19,NA,NA,NA
"DR1TP182","exWAS","PFA 18:2 (Octadecadienoic) (gm)","DR1TOT_C",NA,NA,9406,0.0447852137706916,16.5125086115246,11.2120149798049,14.1605,8.7965,21.3975,NA,NA,NA
"DR1TP183","exWAS","PFA 18:3 (Octadecatrienoic) (gm)","DR1TOT_C",NA,NA,9406,0.0447852137706916,1.6540962151818,1.22619597541108,1.3585,0.83725,2.127,NA,NA,NA
"DR1TP184","exWAS","PFA 18:4 (Octadecatetraenoic) (gm)","DR1TOT_C",NA,NA,9406,0.0447852137706916,0.0131779715075484,0.0356770619019265,0.001,0,0.006,NA,NA,NA
"DR1TP204","exWAS","PFA 20:4 (Eicosatetraenoic) (gm)","DR1TOT_C",NA,NA,9406,0.0447852137706916,0.156682862002977,0.144084367075143,0.115,0.058,0.214,NA,NA,NA
"DR1TP205","exWAS","PFA 20:5 (Eicosapentaenoic) (gm)","DR1TOT_C",NA,NA,9406,0.0447852137706916,0.0332530299808633,0.0964666653377584,0.008,0.003,0.018,NA,NA,NA
"DR1TP225","exWAS","PFA 22:5 (Docosapentaenoic) (gm)","DR1TOT_C",NA,NA,9406,0.0447852137706916,0.0247182649372741,0.0371438822060358,0.016,0.007,0.03,NA,NA,NA
"DR1TP226","exWAS","PFA 22:6 (Docosahexaenoic) (gm)","DR1TOT_C",NA,NA,9406,0.0447852137706916,0.0674197320859026,0.163842028823849,0.016,0.003,0.062,NA,NA,NA
"DR1TPFAT","exWAS","Total polyunsaturated fatty acids (gm)","DR1TOT_C",NA,NA,9406,0.0447852137706916,18.6695543270253,12.4244313725062,16.0875,10.11525,24.0195,NA,NA,NA
"DR1TPHOS","exWAS","Phosphorus (mg)","DR1TOT_C",NA,NA,9406,0.0447852137706916,1403.62896023815,696.371659421785,1273.5,925,1748.75,NA,NA,NA
"DR1TPOTA","exWAS","Potassium (mg)","DR1TOT_C",NA,NA,9406,0.0447852137706916,2652.16733999575,1300.2067546954,2430,1746.25,3320,NA,NA,NA
"DR1TPROT","exWAS","Protein (gm)","DR1TOT_C",NA,NA,9406,0.0447852137706916,83.5392196470338,42.7226586316977,76.275,53.9275,103.5275,NA,NA,NA
"DR1TRET","exWAS","Retinol (mcg)","DR1TOT_C",NA,NA,9406,0.0447852137706916,412.237933234106,569.579400442413,312,150,545.75,NA,NA,NA
"DR1TS040","exWAS","SFA 4:0 (Butanoic) (gm)","DR1TOT_C",NA,NA,9406,0.0447852137706916,0.522903678503083,0.553700667903384,0.366,0.141,0.725,NA,NA,NA
"DR1TS060","exWAS","SFA 6:0 (Hexanoic) (gm)","DR1TOT_C",NA,NA,9406,0.0447852137706916,0.295202742930045,0.314229091580753,0.207,0.08,0.40975,NA,NA,NA
"DR1TS080","exWAS","SFA 8:0 (Octanoic) (gm)","DR1TOT_C",NA,NA,9406,0.0447852137706916,0.24113353178822,0.286750125880736,0.1685,0.072,0.321,NA,NA,NA
"DR1TS100","exWAS","SFA 10:0 (Decanoic) (gm)","DR1TOT_C",NA,NA,9406,0.0447852137706916,0.452847544120774,0.45542056409985,0.332,0.148,0.616,NA,NA,NA
"DR1TS120","exWAS","SFA 12:0 (Dodecanoic) (gm)","DR1TOT_C",NA,NA,9406,0.0447852137706916,0.766053476504359,1.46417307429984,0.438,0.192,0.87,NA,NA,NA
"DR1TS140","exWAS","SFA 14:0 (Tetradecanoic) (gm)","DR1TOT_C",NA,NA,9406,0.0447852137706916,2.18222156070593,1.92665141316863,1.6865,0.868,2.93175,NA,NA,NA
"DR1TS160","exWAS","SFA 16:0 (Hexadecanoic) (gm)","DR1TOT_C",NA,NA,9406,0.0447852137706916,14.3625782479269,8.90323235847022,12.493,8.14025,18.5255,NA,NA,NA
"DR1TS180","exWAS","SFA 18:0 (Octadecanoic) (gm)","DR1TOT_C",NA,NA,9406,0.0447852137706916,6.61839134594939,4.29248219430889,5.7295,3.58325,8.72225,NA,NA,NA
"DR1TSELE","exWAS","Selenium (mcg)","DR1TOT_C",NA,NA,9406,0.0447852137706916,115.725356155645,63.3137411503513,105.1,72.1,145.3,NA,NA,NA
"DR1TSFAT","exWAS","Total saturated fatty acids (gm)","DR1TOT_C",NA,NA,9406,0.0447852137706916,26.3764834148416,17.0151877956709,22.676,14.52525,34.41375,NA,NA,NA
"DR1TSODI","exWAS","Sodium (mg) (adjusted for salt use in food preparation)","DR1TOT_C",NA,NA,9406,0.0447852137706916,3632.65298745482,1886.03802121666,3268.5,2333.25,4511,NA,NA,NA
"DR1TSUGR","exWAS","Total sugars (gm)","DR1TOT_C",NA,NA,9406,0.0447852137706916,122.336412927918,83.1540298297974,106.275,65.5425,156.9,NA,NA,NA
"DR1TTFAT","exWAS","Total fat (gm)","DR1TOT_C",NA,NA,9406,0.0447852137706916,81.2885254093132,47.0467312643844,72.36,48.4325,104.015,NA,NA,NA
"DR1TTHEO","exWAS","Theobromine (mg)","DR1TOT_C",NA,NA,9406,0.0447852137706916,38.3742292153944,82.6497582087709,3,0,43,NA,NA,NA
"DR1TVARA","exWAS","Vitamin A as retinol activity equivalents (mcg)","DR1TOT_C",NA,NA,9406,0.0447852137706916,595.311715926005,696.553632615559,461,246,765,NA,NA,NA
"DR1TVB1","exWAS","Thiamin (Vitamin B1) (mg)","DR1TOT_C",NA,NA,9406,0.0447852137706916,1.63406421433128,0.934623767590286,1.455,1.007,2.04,NA,NA,NA
"DR1TVB12","exWAS","Vitamin B12 (mcg)","DR1TOT_C",NA,NA,9406,0.0447852137706916,5.17026472464384,6.48518206497128,3.9,2.18,6.45,NA,NA,NA
"DR1TVB2","exWAS","Riboflavin (Vitamin B2) (mg)","DR1TOT_C",NA,NA,9406,0.0447852137706916,2.0401145013821,1.27011412706351,1.787,1.222,2.56075,NA,NA,NA
"DR1TVB6","exWAS","Vitamin B6 (mg)","DR1TOT_C",NA,NA,9406,0.0447852137706916,2.07179257920476,1.52938196641115,1.749,1.17925,2.53675,NA,NA,NA
"DR1TVC","exWAS","Vitamin C (mg)","DR1TOT_C",NA,NA,9406,0.0447852137706916,86.3697320859026,105.853126292286,51.55,20,119.5,NA,NA,NA
"DR1TVD","exWAS","Vitamin D (D2 + D3) (mcg)","DR1TOT_E",NA,NA,9406,0.0447852137706916,4.81512864129279,5.60944499689963,3.4,1.3,6.5,NA,NA,NA
"DR1TVK","exWAS","Vitamin K (mcg)","DR1TOT_C",NA,NA,9406,0.0447852137706916,104.310854773549,226.073472788241,58.7,32.8,108,NA,NA,NA
"DR1TZINC","exWAS","Zinc (mg)","DR1TOT_C",NA,NA,9406,0.0447852137706916,11.4514745906868,7.17461451540795,9.87,6.82,14.28,NA,NA,NA
"DR2TACAR","exWAS","Alpha-carotene (mcg)","DR2TOT_C",NA,NA,8325,0.154564842083883,431.261381381381,1496.81577871178,45,9,236,NA,NA,NA
"DR2TALCO","exWAS","Alcohol (gm)","DR2TOT_C",NA,NA,8325,0.154564842083883,5.53959159159159,18.6818711659422,0,0,0,NA,NA,NA
"DR2TATOA","exWAS","Added alpha-tocopherol (Vitamin E) (mg)","DR2TOT_C",NA,NA,8325,0.154564842083883,0.537081081081081,3.19397092922976,0,0,0,NA,NA,NA
"DR2TATOC","exWAS","Vitamin E as alpha-tocopherol (mg)","DR2TOT_C",NA,NA,8325,0.154564842083883,7.5832036036036,6.31251936837078,5.99,3.79,9.49,NA,NA,NA
"DR2TB12A","exWAS","Added vitamin B12 (mcg)","DR2TOT_C",NA,NA,8325,0.154564842083883,1.04145345345345,2.62368445818815,0,0,0.89,NA,NA,NA
"DR2TBCAR","exWAS","Beta-carotene (mcg)","DR2TOT_C",NA,NA,8325,0.154564842083883,2132.47147147147,4983.52837075919,678,249,2140,NA,NA,NA
"DR2TCAFF","exWAS","Caffeine (mg)","DR2TOT_C",NA,NA,8325,0.154564842083883,117.291051051051,167.516494121909,66,3,166,NA,NA,NA
"DR2TCALC","exWAS","Calcium (mg)","DR2TOT_C",NA,NA,8325,0.154564842083883,960.23963963964,634.547792999127,826,515,1255,NA,NA,NA
"DR2TCARB","exWAS","Carbohydrate (gm)","DR2TOT_C",NA,NA,8325,0.154564842083883,253.269957957958,125.272919455216,235.13,165.81,317.34,NA,NA,NA
"DR2TCHL","exWAS","Total choline (mg)","DR2TOT_D",NA,NA,8325,0.154564842083883,315.130942942943,188.829219065115,276.1,182.3,406.5,NA,NA,NA
"DR2TCHOL","exWAS","Cholesterol (mg)","DR2TOT_C",NA,NA,8325,0.154564842083883,272.227387387387,218.432917663392,211,121,368,NA,NA,NA
"DR2TCOPP","exWAS","Copper (mg)","DR2TOT_C",NA,NA,8325,0.154564842083883,1.20891735735736,0.92965908318549,1.046,0.734,1.468,NA,NA,NA
"DR2TCRYP","exWAS","Beta-cryptoxanthin (mcg)","DR2TOT_C",NA,NA,8325,0.154564842083883,86.8669069069069,210.669948189724,25,5,95,NA,NA,NA
"DR2TFA","exWAS","Folic acid (mcg)","DR2TOT_C",NA,NA,8325,0.154564842083883,198.305465465465,214.439215402672,139,71,254,NA,NA,NA
"DR2TFDFE","exWAS","Folate as dietary folate equivalents (mcg)","DR2TOT_C",NA,NA,8325,0.154564842083883,546.995075075075,417.279046724065,447,288,686,NA,NA,NA
"DR2TFF","exWAS","Food folate (mcg)","DR2TOT_C",NA,NA,8325,0.154564842083883,209.748348348348,145.660385267757,178,117,266,NA,NA,NA
"DR2TFIBE","exWAS","Dietary fiber (gm)","DR2TOT_C",NA,NA,8325,0.154564842083883,16.885033033033,10.948775245424,14.6,9.4,21.8,NA,NA,NA
"DR2TFOLA","exWAS","Total Folate (mcg)","DR2TOT_C",NA,NA,8325,0.154564842083883,408.027867867868,281.005169486382,345,228,510,NA,NA,NA
"DR2TIRON","exWAS","Iron (mg)","DR2TOT_C",NA,NA,8325,0.154564842083883,15.2267111111111,10.1455214774205,12.91,8.93,18.78,NA,NA,NA
"DR2TKCAL","exWAS","Energy (kcal)","DR2TOT_C",NA,NA,8325,0.154564842083883,2025.94042042042,963.275458098554,1875,1356,2510,NA,NA,NA
"DR2TLYCO","exWAS","Lycopene (mcg)","DR2TOT_C",NA,NA,8325,0.154564842083883,5264.46618618619,9855.48947356462,1708,1,5711,NA,NA,NA
"DR2TLZ","exWAS","Lutein + zeaxanthin (mcg)","DR2TOT_C",NA,NA,8325,0.154564842083883,1460.72228228228,3699.43781827751,658,311,1307,NA,NA,NA
"DR2TM161","exWAS","MFA 16:1 (Hexadecenoic) (gm)","DR2TOT_C",NA,NA,8325,0.154564842083883,1.10692228228228,0.883612633457854,0.898,0.512,1.463,NA,NA,NA
"DR2TM181","exWAS","MFA 18:1 (Octadecenoic) (gm)","DR2TOT_C",NA,NA,8325,0.154564842083883,25.0409684084084,16.1983310560466,21.764,13.857,32.329,NA,NA,NA
"DR2TM201","exWAS","MFA 20:1 (Eicosenoic) (gm)","DR2TOT_C",NA,NA,8325,0.154564842083883,0.275670990990991,0.268184293377444,0.203,0.111,0.348,NA,NA,NA
"DR2TM221","exWAS","MFA 22:1 (Docosenoic) (gm)","DR2TOT_C",NA,NA,8325,0.154564842083883,0.0272482882882883,0.112589035613714,0.004,0,0.02,NA,NA,NA
"DR2TMAGN","exWAS","Magnesium (mg)","DR2TOT_C",NA,NA,8325,0.154564842083883,285.72996996997,150.255924144669,259,182,353,NA,NA,NA
"DR2TMFAT","exWAS","Total monounsaturated fatty acids (gm)","DR2TOT_C",NA,NA,8325,0.154564842083883,26.852335015015,17.2316960905191,23.397,14.958,34.733,NA,NA,NA
"DR2TMOIS","exWAS","Moisture (gm)","DR2TOT_C",NA,NA,8325,0.154564842083883,2549.4608984985,1328.74981321385,2307.72,1637.76,3139.94,NA,NA,NA
"DR2TNIAC","exWAS","Niacin (mg)","DR2TOT_C",NA,NA,8325,0.154564842083883,25.2460251051051,15.0306708547009,21.944,15.263,31.704,NA,NA,NA
"DR2TNUMF","exWAS","Total number of foods reported in the individual foods file","DR2TOT_C",NA,NA,8325,0.154564842083883,14.9518318318318,5.93513395473225,14,11,19,NA,NA,NA
"DR2TP182","exWAS","PFA 18:2 (Octadecadienoic) (gm)","DR2TOT_C",NA,NA,8325,0.154564842083883,15.2814006006006,11.0796432146064,12.817,7.715,19.768,NA,NA,NA
"DR2TP183","exWAS","PFA 18:3 (Octadecatrienoic) (gm)","DR2TOT_C",NA,NA,8325,0.154564842083883,1.55709525525526,1.202590850081,1.272,0.762,2.004,NA,NA,NA
"DR2TP184","exWAS","PFA 18:4 (Octadecatetraenoic) (gm)","DR2TOT_C",NA,NA,8325,0.154564842083883,0.0119556756756757,0.0358649367244321,0.001,0,0.004,NA,NA,NA
"DR2TP204","exWAS","PFA 20:4 (Eicosatetraenoic) (gm)","DR2TOT_C",NA,NA,8325,0.154564842083883,0.147557957957958,0.139821597769949,0.111,0.052,0.203,NA,NA,NA
"DR2TP205","exWAS","PFA 20:5 (Eicosapentaenoic) (gm)","DR2TOT_C",NA,NA,8325,0.154564842083883,0.0292057657657658,0.0987601493414165,0.007,0.002,0.016,NA,NA,NA
"DR2TP225","exWAS","PFA 22:5 (Docosapentaenoic) (gm)","DR2TOT_C",NA,NA,8325,0.154564842083883,0.0237454654654655,0.0474625976840601,0.015,0.006,0.028,NA,NA,NA
"DR2TP226","exWAS","PFA 22:6 (Docosahexaenoic) (gm)","DR2TOT_C",NA,NA,8325,0.154564842083883,0.0641736936936937,0.180911077540333,0.014,0.003,0.058,NA,NA,NA
"DR2TPFAT","exWAS","Total polyunsaturated fatty acids (gm)","DR2TOT_C",NA,NA,8325,0.154564842083883,17.3059966366366,12.2718475121749,14.572,8.93,22.345,NA,NA,NA
"DR2TPHOS","exWAS","Phosphorus (mg)","DR2TOT_C",NA,NA,8325,0.154564842083883,1350.01825825826,685.401413199485,1233,878,1693,NA,NA,NA
"DR2TPOTA","exWAS","Potassium (mg)","DR2TOT_C",NA,NA,8325,0.154564842083883,2595.59315315315,1317.76285835735,2399,1692,3262,NA,NA,NA
"DR2TPROT","exWAS","Protein (gm)","DR2TOT_C",NA,NA,8325,0.154564842083883,80.9105945945946,43.2171590521605,73.47,51.52,100.96,NA,NA,NA
"DR2TRET","exWAS","Retinol (mcg)","DR2TOT_C",NA,NA,8325,0.154564842083883,408.168888888889,463.606765358206,308,147,548,NA,NA,NA
"DR2TS040","exWAS","SFA 4:0 (Butanoic) (gm)","DR2TOT_C",NA,NA,8325,0.154564842083883,0.494203483483483,0.533675267031737,0.34,0.124,0.685,NA,NA,NA
"DR2TS060","exWAS","SFA 6:0 (Hexanoic) (gm)","DR2TOT_C",NA,NA,8325,0.154564842083883,0.278381141141141,0.303656614775901,0.192,0.073,0.383,NA,NA,NA
"DR2TS080","exWAS","SFA 8:0 (Octanoic) (gm)","DR2TOT_C",NA,NA,8325,0.154564842083883,0.224606606606607,0.269933331028201,0.155,0.064,0.301,NA,NA,NA
"DR2TS100","exWAS","SFA 10:0 (Decanoic) (gm)","DR2TOT_C",NA,NA,8325,0.154564842083883,0.425067387387387,0.434024310122684,0.308,0.133,0.581,NA,NA,NA
"DR2TS120","exWAS","SFA 12:0 (Dodecanoic) (gm)","DR2TOT_C",NA,NA,8325,0.154564842083883,0.698751831831832,1.37207353934372,0.398,0.17,0.807,NA,NA,NA
"DR2TS140","exWAS","SFA 14:0 (Tetradecanoic) (gm)","DR2TOT_C",NA,NA,8325,0.154564842083883,2.0324757957958,1.86461829844381,1.549,0.756,2.737,NA,NA,NA
"DR2TS160","exWAS","SFA 16:0 (Hexadecanoic) (gm)","DR2TOT_C",NA,NA,8325,0.154564842083883,13.2212832432432,8.46900122163107,11.412,7.359,17.166,NA,NA,NA
"DR2TS180","exWAS","SFA 18:0 (Octadecanoic) (gm)","DR2TOT_C",NA,NA,8325,0.154564842083883,6.04044600600601,4.09541664407723,5.173,3.193,7.936,NA,NA,NA
"DR2TSELE","exWAS","Selenium (mcg)","DR2TOT_C",NA,NA,8325,0.154564842083883,112.357537537538,64.3176641716549,100.8,68.9,140.7,NA,NA,NA
"DR2TSFAT","exWAS","Total saturated fatty acids (gm)","DR2TOT_C",NA,NA,8325,0.154564842083883,24.2890935735736,16.2775316715074,20.73,13.054,31.867,NA,NA,NA
"DR2TSODI","exWAS","Sodium (mg) (adjusted for salt use in food preparation)","DR2TOT_C",NA,NA,8325,0.154564842083883,3438.26762762763,1794.6515682797,3130,2214,4286,NA,NA,NA
"DR2TSUGR","exWAS","Total sugars (gm)","DR2TOT_C",NA,NA,8325,0.154564842083883,110.541455855856,73.0155597171364,97.25,59.32,144.62,NA,NA,NA
"DR2TTFAT","exWAS","Total fat (gm)","DR2TOT_C",NA,NA,8325,0.154564842083883,74.9868792792793,45.4709263927127,66.11,43.57,96.45,NA,NA,NA
"DR2TTHEO","exWAS","Theobromine (mg)","DR2TOT_C",NA,NA,8325,0.154564842083883,32.0952552552553,69.7200100465204,0,0,33,NA,NA,NA
"DR2TVARA","exWAS","Vitamin A as retinol activity equivalents (mcg)","DR2TOT_C",NA,NA,8325,0.154564842083883,607.21033033033,667.293548092769,465,244,783,NA,NA,NA
"DR2TVB1","exWAS","Thiamin (Vitamin B1) (mg)","DR2TOT_C",NA,NA,8325,0.154564842083883,1.62404336336336,1.04111859843623,1.416,0.978,2.023,NA,NA,NA
"DR2TVB12","exWAS","Vitamin B12 (mcg)","DR2TOT_C",NA,NA,8325,0.154564842083883,4.99353873873874,5.36900493364512,3.81,2.04,6.4,NA,NA,NA
"DR2TVB2","exWAS","Riboflavin (Vitamin B2) (mg)","DR2TOT_C",NA,NA,8325,0.154564842083883,2.00025585585586,1.26339196613503,1.743,1.177,2.502,NA,NA,NA
"DR2TVB6","exWAS","Vitamin B6 (mg)","DR2TOT_C",NA,NA,8325,0.154564842083883,2.07003747747748,1.47729274296839,1.737,1.158,2.549,NA,NA,NA
"DR2TVC","exWAS","Vitamin C (mg)","DR2TOT_C",NA,NA,8325,0.154564842083883,86.8092372372372,103.075666584144,56.4,20.5,120.6,NA,NA,NA
"DR2TVD","exWAS","Vitamin D (D2 + D3) (mcg)","DR2TOT_E",NA,NA,8325,0.154564842083883,4.93157957957958,5.8414280002612,3.4,1.3,6.5,NA,NA,NA
"DR2TVK","exWAS","Vitamin K (mcg)","DR2TOT_C",NA,NA,8325,0.154564842083883,103.415771771772,295.475286264805,57.3,31,106.7,NA,NA,NA
"DR2TZINC","exWAS","Zinc (mg)","DR2TOT_C",NA,NA,8325,0.154564842083883,11.1832012012012,9.20992628057921,9.57,6.4,13.87,NA,NA,NA
"DS1DSCNT","exWAS","Number of dietary supplements reported","DS1TOT_E",NA,NA,9402,0.0451914288615822,0.618379068283344,1.33484249977377,0,0,1,NA,NA,NA
"DS1TCALC","exWAS","Calcium (mg)","DS1TOT_E",NA,NA,1970,0.799939067736366,467.783147208122,410.942915781158,272,200,600,NA,NA,NA
"DS1TCOPP","exWAS","Copper (mg)","DS1TOT_E",NA,NA,1367,0.861175992688128,1.34752889539137,1.07325106279182,1,0.5,2,NA,NA,NA
"DS1TFA","exWAS","Folic acid (mcg)","DS1TOT_E",NA,NA,1709,0.82644460241698,481.875248683441,291.763877096443,400,400,500,NA,NA,NA
"DS1TFDFE","exWAS","Folate, DFE (mcg)","DS1TOT_E",NA,NA,1709,0.82644460241698,819.186892919836,496.000971805349,680,680,850,NA,NA,NA
"DS1TIRON","exWAS","Iron (mg)","DS1TOT_E",NA,NA,1067,0.891642124504925,24.4156941893158,25.8668173481714,18,18,18.1,NA,NA,NA
"DS1TKCAL","exWAS","Energy (kcal)","DS1TOT_E",NA,NA,1073,0.891032801868589,18.6075489282386,25.4084611166976,10,10,20,NA,NA,NA
"DS1TMAGN","exWAS","Magnesium (mg)","DS1TOT_E",NA,NA,1513,0.84634914187062,104.022009253139,155.024076763526,50,50,100,NA,NA,NA
"DS1TNIAC","exWAS","Niacin (mg)","DS1TOT_E",NA,NA,1644,0.833045597643952,37.7078588807786,106.789102749939,20,16,24.1875,NA,NA,NA
"DS1TPOTA","exWAS","Potassium (mg)","DS1TOT_E",NA,NA,985,0.899969533868183,89.48930964467,80.0126754803953,80,80,80,NA,NA,NA
"DS1TSELE","exWAS","Selenium (mcg)","DS1TOT_E",NA,NA,1306,0.86737077282421,197.630934150077,3327.61043558923,55,50,100,NA,NA,NA
"DS1TVB1","exWAS","Thiamin (Vitamin B1) (mg)","DS1TOT_E",NA,NA,1599,0.837615517416472,12.2323545966229,47.3784928315047,1.5,1.5,4.5,NA,NA,NA
"DS1TVB12","exWAS","Vitamin B12 (mcg)","DS1TOT_E",NA,NA,1776,0.819640499644562,138.512128378378,461.105886595769,15,6,31,NA,NA,NA
"DS1TVB2","exWAS","Riboflavin (Vitamin B2) (mg)","DS1TOT_E",NA,NA,1606,0.836904641007413,8.50310336239103,19.2998439793678,1.7,1.7,3.4,NA,NA,NA
"DS1TVB6","exWAS","Vitamin B6 (mg)","DS1TOT_E",NA,NA,1713,0.826038387326089,10.6377624051372,22.8965605374789,3,2,6,NA,NA,NA
"DS1TVC","exWAS","Vitamin C (mg)","DS1TOT_E",NA,NA,1874,0.809688229917741,272.547438633938,554.880848810124,90,60,300,NA,NA,NA
"DS1TVD","exWAS","Vitamin D (D2 + D3) (mcg)","DS1TOT_E",NA,NA,2001,0.796790900781964,26.8225537231384,74.5037706463588,15,10,25,NA,NA,NA
"DS1TVK","exWAS","Vitamin K (mcg)","DS1TOT_E",NA,NA,1199,0.878237026505535,33.7733110925771,26.2944789071292,25,25,30,NA,NA,NA
"DS1TZINC","exWAS","Zinc (mg)","DS1TOT_E",NA,NA,1580,0.839545039098203,14.9346708860759,9.9457480207116,15,11,15,NA,NA,NA
"DS2AN","exWAS","Any Antacids Taken?","DS2TOT_E",NA,NA,8312,0.155885041129278,1.97978825794033,0.140732406771586,2,2,2,NA,NA,NA
"DS2ANCNT","exWAS","Number of Antacids Reported","DS2TOT_E",NA,NA,8312,0.155885041129278,0.0208132820019249,0.146920951939601,0,0,0,NA,NA,NA
"DS2DS","exWAS","Any Dietary Supplements taken in the past 24 hour?","DS2TOT_E",NA,NA,8312,0.155885041129278,1.66963426371511,0.470373080454985,2,1,2,NA,NA,NA
"DS2DSCNT","exWAS","Number of dietary supplements reported","DS2TOT_E",NA,NA,8312,0.155885041129278,0.723291626564004,1.45958141318264,0,0,1,NA,NA,NA
"DS2TCALC","exWAS","Calcium (mg)","DS2TOT_E",NA,NA,1956,0.801360820554484,464.016871165644,416.858604793532,250,200,600,NA,NA,NA
"DS2TCOPP","exWAS","Copper (mg)","DS2TOT_E",NA,NA,1417,0.856098304051995,1.34751093860268,0.963133032741262,1,0.5,2,NA,NA,NA
"DS2TFA","exWAS","Folic acid (mcg)","DS2TOT_E",NA,NA,1759,0.821366913780847,481.753553155202,296.507535156534,400,400,500,NA,NA,NA
"DS2TFDFE","exWAS","Folate, DFE (mcg)","DS2TOT_E",NA,NA,1759,0.821366913780847,818.980272882319,504.064262986778,680,680,850,NA,NA,NA
"DS2TIRON","exWAS","Iron (mg)","DS2TOT_E",NA,NA,1135,0.884736467959785,24.3801082819383,26.9759109028879,18,18,18,NA,NA,NA
"DS2TMAGN","exWAS","Magnesium (mg)","DS2TOT_E",NA,NA,1529,0.844724281507058,103.113865271419,150.339658081032,50,50,100,NA,NA,NA
"DS2TNIAC","exWAS","Niacin (mg)","DS2TOT_E",NA,NA,1696,0.827764801462374,40.2883077830189,122.483753446866,20,16,25,NA,NA,NA
"DS2TPOTA","exWAS","Potassium (mg)","DS2TOT_E",NA,NA,1008,0.897633797095562,88.8410515873016,85.9372103366302,80,80,80,NA,NA,NA
"DS2TSELE","exWAS","Selenium (mcg)","DS2TOT_E",NA,NA,1353,0.862597745506246,169.207243163341,2860.4593208391,55,50,100,NA,NA,NA
"DS2TVB1","exWAS","Thiamin (Vitamin B1) (mg)","DS2TOT_E",NA,NA,1650,0.832436275007617,11.9930321212121,45.6543338916065,1.5,1.5,4.5,NA,NA,NA
"DS2TVB12","exWAS","Vitamin B12 (mcg)","DS2TOT_E",NA,NA,1836,0.813547273281202,143.697309368192,458.311356987129,13.7,6,33,NA,NA,NA
"DS2TVB2","exWAS","Riboflavin (Vitamin B2) (mg)","DS2TOT_E",NA,NA,1659,0.831522291053113,8.26696925858951,18.2589731276866,1.7,1.7,3.4,NA,NA,NA
"DS2TVB6","exWAS","Vitamin B6 (mg)","DS2TOT_E",NA,NA,1763,0.820960698689956,10.6033732274532,22.2331799720327,3,2,6,NA,NA,NA
"DS2TVC","exWAS","Vitamin C (mg)","DS2TOT_E",NA,NA,1906,0.806438509190616,270.316841552991,536.537293378596,90,60,300,NA,NA,NA
"DS2TVD","exWAS","Vitamin D (D2 + D3) (mcg)","DS2TOT_E",NA,NA,2062,0.790596120645882,26.7744180407371,73.2353896981938,15,10,25,NA,NA,NA
"DS2TVK","exWAS","Vitamin K (mcg)","DS2TOT_E",NA,NA,1232,0.874885752005687,34.8704545454545,36.1072151603137,25,25,30,NA,NA,NA
"DS2TZINC","exWAS","Zinc (mg)","DS2TOT_E",NA,NA,1630,0.83446735046207,14.9198282208589,9.65354642581663,15,11,15,NA,NA,NA
"DS2TIODI","exWAS","Iodine (mcg)","DS2TOT",NA,NA,521,0.947090484411496,167.167216890595,552.478443461588,150,150,150,NA,NA,NA
"DS2TKCAL","exWAS","Energy (kcal)","DS2TOT_E",NA,NA,1036,0.894790291459328,18.6380308880309,25.648858523499,10,10,20,NA,NA,NA
"DSQTCALC","exWAS","Calcium (mg)","DSQTOT_E",NA,NA,3150,0.680105615923632,316.138984126984,389.142748701784,200,66.7,450,NA,NA,NA
"DSQTCOPP","exWAS","Copper (mg)","DSQTOT_E",NA,NA,1987,0.798212653600081,1.04365364871666,1.07901015694574,0.7,0.45,2,NA,NA,NA
"DSQTFA","exWAS","Folic acid (mcg)","DSQTOT_E",NA,NA,2467,0.749466842693206,358.569963518443,271.269939123334,400,200,400,NA,NA,NA
"DSQTFDFE","exWAS","Folate, DFE (mcg)","DSQTOT_E",NA,NA,2467,0.749466842693206,609.565910012161,461.16404456858,680,340,680,NA,NA,NA
"DSQTIRON","exWAS","Iron (mg)","DSQTOT_E",NA,NA,1525,0.845130496597949,15.999805704918,18.0611757735424,15,6,18,NA,NA,NA
"DSQTKCAL","exWAS","Energy (kcal)","DSQTOT_E",NA,NA,1779,0.819335838326394,11.7904440697021,26.1748778047368,6.3,0.85,13,NA,NA,NA
"DSQTMAGN","exWAS","Magnesium (mg)","DSQTOT_E",NA,NA,2303,0.766121661419722,74.9610030395137,110.696052608732,50,25,100,NA,NA,NA
"DSQTNIAC","exWAS","Niacin (mg)","DSQTOT_E",NA,NA,2370,0.759317558647304,26.4858198312236,78.4290675765551,16.667,10,20,NA,NA,NA
"DSQTPHOS","exWAS","Phosphorus (mg)","DSQTOT_E",NA,NA,1143,0.883924037778003,43.5440157480315,58.5235914924925,20,16.67,50.9,NA,NA,NA
"DSQTPOTA","exWAS","Potassium (mg)","DSQTOT_E",NA,NA,1413,0.856504519142886,66.5710969568294,68.0310731879426,74.7,28.447,80,NA,NA,NA
"DSQTSELE","exWAS","Selenium (mcg)","DSQTOT_E",NA,NA,1889,0.808164923326902,92.1996823716252,1544.41182028483,51.3,20,55,NA,NA,NA
"DSQTVB1","exWAS","Thiamin (Vitamin B1) (mg)","DSQTOT_E",NA,NA,2310,0.765410785010663,9.63998917748918,41.5343177763329,1.5,1,3,NA,NA,NA
"DSQTVB12","exWAS","Vitamin B12 (mcg)","DSQTOT_E",NA,NA,2585,0.737483497511933,120.065984526112,367.44840823006,8.3,5,25,NA,NA,NA
"DSQTVB2","exWAS","Riboflavin (Vitamin B2) (mg)","DSQTOT_E",NA,NA,2321,0.764293693510714,6.9441296854804,22.5645265676548,1.7,1.1,3.3,NA,NA,NA
"DSQTVB6","exWAS","Vitamin B6 (mg)","DSQTOT_E",NA,NA,2480,0.748146643647811,8.55992741935484,23.5232746595178,2,1.333,5,NA,NA,NA
"DSQTVC","exWAS","Vitamin C (mg)","DSQTOT_E",NA,NA,2752,0.720524017467249,188.691315406977,341.932776284749,60,40,150,NA,NA,NA
"DSQTVD","exWAS","Vitamin D (D2 + D3) (mcg)","DSQTOT_E",NA,NA,2857,0.70986087133137,19.6599537976899,66.2040783623969,10,5.833,20,NA,NA,NA
"DSQTVK","exWAS","Vitamin K (mcg)","DSQTOT_E",NA,NA,1733,0.824007311871636,26.4498557414887,37.0241949516152,25,12.5,30,NA,NA,NA
"DSQTZINC","exWAS","Zinc (mg)","DSQTOT_E",NA,NA,2275,0.768965167055956,11.418443956044,11.4933061603643,11,5.115,15,NA,NA,NA
"DSQTIODI","exWAS","Iodine (mcg)","DSQTOT",NA,NA,718,0.927084391185133,121.822757660167,466.941774812352,125,50,150,NA,NA,NA
"DSQTSUGR","exWAS","Total sugars (gm)","DSQTOT_E",NA,NA,969,0.901594394231746,0.917936016511868,2.12695507341637,0.2,0.1,1,NA,NA,NA
"LBDHBG","exWAS","Hepatitis B surface antigen","HEPBD_D",NA,NA,9290,0.0565654514065198,1.99375672766416,0.0787715799306535,2,2,2,NA,NA,NA
"LBDHCV","exWAS","Hepatitis C antibody (confirmed)","HEPC_D",NA,NA,9289,0.0566670051792424,1.9896651953924,0.196603332211369,2,2,2,NA,NA,NA
"LBDHD","exWAS","Hepatitis D (anti-HDV)","HEPBD_D",NA,NA,9290,0.0565654514065198,1.99956942949408,0.0207468418736763,2,2,2,NA,NA,NA
"LBDHEG","exWAS","Hepatitis E IgG (anti-HEV)","HEPE",NA,NA,9291,0.0564638976337971,1.94338607254332,0.231115857822681,2,2,2,NA,NA,NA
"LBDHEM","exWAS","Hepatitis E IgM (Anti-HEV)","HEPE",NA,NA,9291,0.0564638976337971,1.99020557528791,0.0984862321749016,2,2,2,NA,NA,NA
"LBDRPCR","exWAS","Roche HPV linear array (LA) summary result","HPVP_H",NA,NA,3261,0.668833147151417,1.55627108249003,0.5066806015758,2,1,2,NA,NA,NA
"LBDVWCGP","exWAS","Varicella antibody, confirmed","MMRV",NA,NA,3212,0.673809282014827,1.02179327521793,0.146030707485541,1,1,1,NA,NA,NA
"LBDB12SI","exWAS","Vitamin B12 (pmol/L)","B12_D",NA,NA,3761,0.618056260790088,452.413719755384,324.427135875792,387.5,287.1,535.8,NA,NA,NA
"LBX06","exWAS","HPV 06 result","HPVSER_E",NA,NA,3359,0.658880877424596,1.80381065793391,0.397172564926993,2,2,2,NA,NA,NA
"LBX11","exWAS","HPV 11 result","HPVSER_E",NA,NA,3359,0.658880877424596,1.91961893420661,0.271922715387063,2,2,2,NA,NA,NA
"LBX16","exWAS","HPV 16 result","HPVSER_E",NA,NA,3359,0.658880877424596,1.85620720452516,0.350931747013344,2,2,2,NA,NA,NA
"LBX18","exWAS","HPV 18 result","HPVSER_E",NA,NA,3359,0.658880877424596,1.94075617743376,0.236115627248613,2,2,2,NA,NA,NA
"LBX2DF","exWAS","Blood 2,5 Dimethylfuran result","L04VOC_C",NA,NA,4382,0.554991367929319,0.0287564582382474,0.0592840075201129,0.0078,0.0078,0.0078,NA,NA,NA
"LBX4CE","exWAS","Blood 1,1,1,2-Tetrachloroethane (ng/mL)","VOCWB",NA,NA,4327,0.560576825429065,0.0283,0,0.0283,0.0283,0.0283,NA,NA,NA
"LBX4PA","exWAS","4-pyridoxic acid (nmol/L)","VIT_B6_D",NA,NA,4547,0.53823499543008,54.7136793490213,239.051900573645,19.8,13.3,33.15,NA,NA,NA
"LBXBCD","exWAS","Cadmium (ug/L)","L06_B",NA,NA,9381,0.047324058088758,0.485985502611662,0.588679434816016,0.29,0.17,0.54,NA,NA,NA
"LBXBPB","exWAS","Lead (ug/dL)","L06_B",NA,NA,9381,0.047324058088758,1.39725082613794,1.81269702109256,0.99,0.64,1.6,NA,NA,NA
"LBXCOT","exWAS","Cotinine (ng/mL)","COT_D",NA,NA,9262,0.0594089570427541,52.0227651695098,117.542953546529,0.049,0.016,8.1075,NA,NA,NA
"LBXEPAH","exWAS","2-(N-Ethyl-perfluorooctane sulfonamido) acetic acid","L24PFC_C",NA,NA,2974,0.697979079922819,0.0760457296570276,0.0465871858622947,0.07,0.07,0.07,NA,NA,NA
"LBXHA","exWAS","Hepatitis A Antibody (Anti-HAV)","HEPA_D",NA,NA,9076,0.0782979587691683,1.54319083296606,0.4988216631451,2,1,2,NA,NA,NA
"LBXHBC","exWAS","Hepatitis B core antibody","HEPBD_D",NA,NA,9291,0.0564638976337971,1.93865030674847,0.23998355586978,2,2,2,NA,NA,NA
"LBXHBS","exWAS","Hepatitis B Surface Antibody (Anti-HBs)","HEPB_S_D",NA,NA,9291,0.0564638976337971,1.69432784415025,0.460716327801124,2,1,2,NA,NA,NA
"LBXHDT","exWAS","Trans 9-Hexadecenoic acid concentrt (umol/L)","TFA_A",NA,NA,2115,0.785213770691581,3.99552420803783,1.94095190651549,3.61,2.72,4.87,NA,NA,NA
"LBXHE1","exWAS","Herpes Simplex Virus I","HSV_D",NA,NA,6282,0.362039199756271,1.42964024196116,0.496669529995794,1,1,2,NA,NA,NA
"LBXHE2","exWAS","Herpes Simplex Virus II","HSV_D",NA,NA,5250,0.466842693206053,1.80533333333333,0.398857834617776,2,2,2,NA,NA,NA
"LBXIHG","exWAS","Mercury, inorganic (ug/L)","IHg_D",NA,NA,9366,0.0488473646795978,0.285685458039718,0.518738412665923,0.25,0.19,0.25,NA,NA,NA
"LBXMEA","exWAS","Measles antibody (IgG)","MMRV",NA,NA,3212,0.673809282014827,2.92875871731009,1.43700802833498,2.8055,1.8265,3.95425,NA,NA,NA
"LBXMPAH","exWAS","2-(N-Methyl-perfluorooctane sulfonamido) acetic acid","L24PFC_C",NA,NA,2974,0.697979079922819,0.234196368527236,0.30974900015138,0.14,0.06,0.3,NA,NA,NA
"LBXMUM","exWAS","Mumps antibody (IgG)","MMRV",NA,NA,3212,0.673809282014827,2.82998443337484,1.49310789172722,2.679,1.607,3.957,NA,NA,NA
"LBXNM","exWAS","Blood Nitromethane (pg/mL)","VOCMWB_E",NA,NA,3699,0.624352594698893,757.025682616924,365.885686339137,679,535,871,NA,NA,NA
"LBXOD1","exWAS","Trans 11-octadecenoic acid (umol/L)","TFA_A",NA,NA,2127,0.783995125418909,19.9490702397743,12.9364350584487,17.1,12.35,23.8,NA,NA,NA
"LBXOD9","exWAS","Trans 9-octadecenoic acid (umol/L)","TFA_A",NA,NA,2124,0.784299786737077,15.229881873823,10.0948492202416,12.8,8.9075,18.2,NA,NA,NA
"LBXOTT","exWAS","Trans,trans-9,12-Octadecadienoic acid (umol/L)","TFA_A",NA,NA,2038,0.793033411191226,1.70366614327772,0.87475968890057,1.51,1.13,2.05785,NA,NA,NA
"LBXPFBS","exWAS","Perfluorobutane sulfonic acid","L24PFC_C",NA,NA,2974,0.697979079922819,0.0705413584398117,0.00785481298871956,0.07,0.07,0.07,NA,NA,NA
"LBXPFDE","exWAS","Pefluorodecanoic acid","L24PFC_C",NA,NA,2974,0.697979079922819,0.339798251513114,0.644928122766758,0.22,0.16,0.4,NA,NA,NA
"LBXPFDO","exWAS","Perfluorododecanoic acid","L24PFC_C",NA,NA,2974,0.697979079922819,0.0802925353059852,0.0861214294094468,0.07,0.07,0.07,NA,NA,NA
"LBXPFHP","exWAS","Perfluoroheptanoic acid","L24PFC_C",NA,NA,2974,0.697979079922819,0.0920511096166779,0.0778082030288147,0.07,0.07,0.07,NA,NA,NA
"LBXPFHS","exWAS","Perfluorohexane sulfonic acid","L24PFC_C",NA,NA,2974,0.697979079922819,2.01611297915266,2.72122830848654,1.3,0.73,2.3,NA,NA,NA
"LBXPFNA","exWAS","Perfluorononanoic acid","L24PFC_C",NA,NA,2974,0.697979079922819,1.30747679892401,1.10087267739411,1.03,0.72,1.558,NA,NA,NA
"LBXPFOA","exWAS","Perfluorooctanoic acid","L24PFC_C",NA,NA,2974,0.697979079922819,2.8553799596503,1.99099429889506,2.4,1.6,3.5675,NA,NA,NA
"LBXPFOS","exWAS","Perfluorooctane sulfonic acid","L24PFC_C",NA,NA,2974,0.697979079922819,10.2583154001345,12.5084459089945,7.5,4.365,12,NA,NA,NA
"LBXPFSA","exWAS","Perfluorooctane sulfonamide","L24PFC_C",NA,NA,2974,0.697979079922819,0.0701613987895091,0.00373718366366559,0.07,0.07,0.07,NA,NA,NA
"LBXPFUA","exWAS","Perfluoroundecanoic acid","L24PFC_C",NA,NA,2974,0.697979079922819,0.26352723604573,0.672238830454748,0.13,0.07,0.29,NA,NA,NA
"LBXPLP","exWAS","Pyridoxal 5'-phosphate (nmol/L)","VIT_B6_D",NA,NA,4544,0.538539656748248,62.9897887323944,70.6575771796511,42.3,26.2,69.425,NA,NA,NA
"LBXRUB","exWAS","Rubella antibody (IgG)","MMRV",NA,NA,3212,0.673809282014827,3.40089134495641,1.36256220953805,3.4785,2.436,4.44875,NA,NA,NA
"LBXTHG","exWAS","Mercury, total (ug/L)","L06_B",NA,NA,9381,0.047324058088758,1.5553842873894,2.63150361445375,0.8,0.42,1.65,NA,NA,NA
"LBXTTG","exWAS","Tissue transglutaminase(IgA-TTG)","TGEMA",NA,NA,9157,0.0700721031786331,1.99792508463471,0.0802468454486691,2,2,2,NA,NA,NA
"LBXV06","exWAS","Blood Hexane (ng/mL)","VOCWB",NA,NA,4210,0.572458616837616,0.215921852731591,2.34571418013159,0.0863,0.0863,0.0863,NA,NA,NA
"LBXV1A","exWAS","Blood 1,1-Dichloroethane Result","L04VOC_C",NA,NA,4323,0.560983040519955,0.0071,0,0.0071,0.0071,0.0071,NA,NA,NA
"LBXV1D","exWAS","Blood 1,2-Dichlorobenzene Result","L04VOC_C",NA,NA,4108,0.582817101655327,0.0177823271665044,0.00446515380236393,0.0177,0.0177,0.0177,NA,NA,NA
"LBXV1E","exWAS","Blood 1,1-Dichloroethene Result","L04VOC_C",NA,NA,4237,0.569716664974104,0.0064,0,0.0064,0.0064,0.0064,NA,NA,NA
"LBXV2A","exWAS","Blood 1,2-Dichloroethane Result","L04VOC_C",NA,NA,4396,0.553569615111201,0.00734142402183803,0.00277030190136656,0.0071,0.0071,0.0071,NA,NA,NA
"LBXV2C","exWAS","Blood cis-1,2-Dichloroethene Result","L04VOC_C",NA,NA,4328,0.560475271656342,0.0071,0,0.0071,0.0071,0.0071,NA,NA,NA
"LBXV2E","exWAS","Blood 1,1,2-Trichloroethane Result","L04VOC_C",NA,NA,4293,0.564029653701635,0.0071,0,0.0071,0.0071,0.0071,NA,NA,NA
"LBXV2P","exWAS","Blood 1,2-Dibromo-3-chloropropane result","L04VOC_C",NA,NA,2300,0.76642632273789,0.0707,0,0.0707,0.0707,0.0707,NA,NA,NA
"LBXV2T","exWAS","Blood trans-1,2-Dichloroethene Result","L04VOC_C",NA,NA,4269,0.566466944246979,0.00791780276411338,0.0267559195903993,0.0071,0.0071,0.0071,NA,NA,NA
"LBXV3B","exWAS","Blood 1,3-Dichlorobenzene Result","L04VOC_C",NA,NA,4295,0.56382654615619,0.018285378346915,0.0071586860961519,0.0177,0.0177,0.0177,NA,NA,NA
"LBXV4C","exWAS","Blood Tetrachloroethene Result (ng/mL)","L04VOC_B",NA,NA,4228,0.570630648928608,0.0678824030274361,0.664529725825701,0.0339,0.0339,0.0339,NA,NA,NA
"LBXV4E","exWAS","Blood 1,1,2,2-Tetrachloroethane (ng/mL)","VOCWB",NA,NA,4312,0.562100132019904,0.00710851113172542,0.000435418046606925,0.0071,0.0071,0.0071,NA,NA,NA
"LBXVBF","exWAS","Blood Bromoform Result (pg/mL)","L04VOC_B",NA,NA,4241,0.569310449883213,1.7136783777411,7.86592874689643,0.71,0.71,0.71,NA,NA,NA
"LBXVBM","exWAS","Blood Bromodichloromethane Result (pg/mL)","L04VOC_B",NA,NA,4260,0.567380928201483,3.27557230046948,5.04185581724439,1.52,0.438,3.72,NA,NA,NA
"LBXVBZ","exWAS","Blood Benzene Result (ng/mL)","L04VOC_B",NA,NA,4218,0.571646186655834,0.061692271218587,0.117940343927107,0.017,0.017,0.03475,NA,NA,NA
"LBXVCB","exWAS","Blood Chlorobenzene Result","L04VOC_C",NA,NA,4296,0.563724992383467,0.0078933426443203,0.00277349712209924,0.0078,0.0078,0.0078,NA,NA,NA
"LBXVCF","exWAS","Blood Chloroform Result (pg/mL)","L04VOC_B",NA,NA,4173,0.576216106428354,13.9821423436377,19.8154860247434,8.09,3.96,16.6,NA,NA,NA
"LBXVCM","exWAS","Blood Dibromochloromethane Result (pg/mL)","L04VOC_B",NA,NA,4133,0.58027825733726,2.14852165497218,4.04192102477293,0.71,0.438,2.1,NA,NA,NA
"LBXVCT","exWAS","Blood Carbon Tetrachloride Result (ng/mL)","L04VOC_B",NA,NA,4262,0.567177820656037,0.00351853589863914,0.000718471816916461,0.0035,0.0035,0.0035,NA,NA,NA
"LBXVD2MS","exWAS","25-hydroxyvitamin D2 (nmol/L)","VID_E",NA,NA,9308,0.0547374834975119,3.11986785560808,9.35632790087561,1.45,1.45,1.45,NA,NA,NA
"LBXVD3MS","exWAS","25-hydroxyvitamin D3(nmol/L)","VID_E",NA,NA,9308,0.0547374834975119,57.4295176192523,25.2239017762113,55.15,39.1,72.2325,NA,NA,NA
"LBXVDB","exWAS","Blood 1,4-Dichlorobenzene Result (ng/mL)","L04VOC_B",NA,NA,4232,0.570224433837717,1.06469359640832,6.07347978995854,0.055,0.0283,0.22,NA,NA,NA
"LBXVDE","exWAS","Blood 1,2-Dibromoethane (ng/mL)","VOCWB",NA,NA,4279,0.565451406519752,0.0106,0,0.0106,0.0106,0.0106,NA,NA,NA
"LBXVDM","exWAS","Blood Dibromomethane Result","L04VOC_C",NA,NA,4302,0.563115669747131,0.0215225011622501,0.00845720770793654,0.0212,0.0212,0.0212,NA,NA,NA
"LBXVDP","exWAS","Blood 1,2-Dichloropropane Result","L04VOC_C",NA,NA,4300,0.563318777292576,0.0071,0,0.0071,0.0071,0.0071,NA,NA,NA
"LBXVDX","exWAS","Blood 1,4-Dioxane (ng/mL)","VOCWB",NA,NA,3716,0.622626180562608,0.3536,0,0.3536,0.3536,0.3536,NA,NA,NA
"LBXVE3MS","exWAS","epi-25-hydroxyvitamin D3 (nmol/L)","VID_E",NA,NA,9196,0.0661115060424495,3.47256089604176,2.52214082983359,2.89,1.84,4.29,NA,NA,NA
"LBXVEB","exWAS","Blood Ethylbenzene Result (ng/mL)","L04VOC_B",NA,NA,4169,0.576622321519244,0.0780700407771648,0.470149436555953,0.017,0.017,0.036,NA,NA,NA
"LBXVFN","exWAS","Blood Furan (ng/mL)","VOCWB",NA,NA,4132,0.580379811109983,0.0277225314617619,0.0320758546766368,0.0177,0.0177,0.0177,NA,NA,NA
"LBXVHE","exWAS","Blood Hexachloroethane Result","L04VOC_C",NA,NA,3869,0.607088453336041,0.00780444559317653,0.000276521613325867,0.0078,0.0078,0.0078,NA,NA,NA
"LBXVIDMS","exWAS","25-hydroxyvitamin D2 + D3","VID_E",NA,NA,9308,0.0547374834975119,60.5496583584014,25.5960666793242,58.1,42.1,75.4,NA,NA,NA
"LBXVIPB","exWAS","Blood Isopropylbenzene (ng/mL)","VOCWB",NA,NA,4279,0.565451406519752,0.0286663706473475,0.00783662107707137,0.0283,0.0283,0.0283,NA,NA,NA
"LBXVMC","exWAS","Blood Methylene Chloride Result","L04VOC_C",NA,NA,3987,0.595105108154768,0.178374266365689,0.0416060366766659,0.1768,0.1768,0.1768,NA,NA,NA
"LBXVME","exWAS","Blood Methyl t-Butyl Ether (MTBE) Result (pg/mL)","L04VOC_B",NA,NA,4116,0.582004671473545,2.0780563654033,8.44564870675951,0.99,0.99,0.99,NA,NA,NA
"LBXVNB","exWAS","Blood Nitrobenzene result","L04VOC_C",NA,NA,4206,0.572864831928506,0.2263,0,0.2263,0.2263,0.2263,NA,NA,NA
"LBXVOX","exWAS","Blood o-Xylene Result (ng/mL)","L04VOC_B",NA,NA,4013,0.592464710063979,0.0673423872414652,0.40797857032991,0.017,0.017,0.033,NA,NA,NA
"LBXVST","exWAS","Blood Styrene Result (ng/mL)","L04VOC_B",NA,NA,1003,0.898141565959175,0.188990628115653,4.60884947914218,0.0212,0.0212,0.047,NA,NA,NA
"LBXVTC","exWAS","Blood Trichloroethene Result (ng/mL)","L04VOC_B",NA,NA,4292,0.564131207474358,0.00886579683131407,0.011034634348392,0.0085,0.0085,0.0085,NA,NA,NA
"LBXVTE","exWAS","Blood 1,1,1-Trichloroethane Result","L04VOC_C",NA,NA,4273,0.566060729156088,0.00716665106482565,0.00138619782981855,0.0071,0.0071,0.0071,NA,NA,NA
"LBXVTO","exWAS","Blood Toluene Result (ng/mL)","L04VOC_B",NA,NA,1563,0.841271453234488,0.250419961612284,1.79280438225144,0.06,0.035,0.156,NA,NA,NA
"LBXVTP","exWAS","Blood 1,2,3-Trichloropropane (ng/mL)","VOCWB",NA,NA,4291,0.56423276124708,0.0283,0,0.0283,0.0283,0.0283,NA,NA,NA
"LBXVXY","exWAS","Blood m-/p-Xylene Result (ng/mL)","L04VOC_B",NA,NA,4067,0.586980806336955,0.216111138431276,1.23296893530088,0.066,0.041,0.124,NA,NA,NA
"LBXALN","exWAS","alpha-Linolenic acid (18:3n-3) (umol/L)","FAS",NA,NA,2252,0.771300903828577,91.2394760213144,60.7183626664649,75.65,56.3,106,NA,NA,NA
"LBXAR1","exWAS","Arachidic acid (20:0) (umol/L)","FAS",NA,NA,2173,0.779323651873667,23.5537965945697,6.09886402104434,22.9,19.6,26.5,NA,NA,NA
"LBXARA","exWAS","Arachidonic acid (20:4n-6) (umol/L)","FAS",NA,NA,2259,0.770590027419519,846.648517042939,266.215760675996,818,658.5,990,NA,NA,NA
"LBXB12","exWAS","Vitamin B12 ( pg/mL)","B12_D",NA,NA,3761,0.618056260790088,613.025525126296,439.603985093398,525,389,726,NA,NA,NA
"LBXBGE","exWAS","Mercury, ethyl (ug/L)","IHgEM",NA,NA,4635,0.529298263430486,0.116802588996764,0.0457031912864999,0.11,0.11,0.11,NA,NA,NA
"LBXBGM","exWAS","Mercury, methyl (ug/L)","IHgEM",NA,NA,4635,0.529298263430486,1.4234476806904,2.60301785722928,0.61,0.25,1.53,NA,NA,NA
"LBXBMN","exWAS","Blood manganese (ug/L)","PbCd",NA,NA,4645,0.52828272570326,10.1336770721206,4.06732785205153,9.31,7.48,11.79,NA,NA,NA
"LBXBSE","exWAS","Blood selenium(ug/L)","PbCd",NA,NA,4645,0.52828272570326,193.142587728741,26.8384654099092,191.01,176.69,206.9,NA,NA,NA
"LBXCAP","exWAS","Capric acid (C10:0) (umol/L)","FAS",NA,NA,1993,0.797603330963745,2.88965880582037,5.34346848082932,1.12,1.12,2.49,NA,NA,NA
"LBXDA1","exWAS","Docosanoic acid (22:0) (umol/L)","FAS",NA,NA,2243,0.772214887783081,65.8760588497548,16.6482543541967,63.6,54.4,75.4,NA,NA,NA
"LBXDHA","exWAS","Docosahexaenoic acid (22:6n-3) (umol/L)","FAS",NA,NA,2248,0.771707118919468,156.60756227758,81.5665793543846,136,102,190,NA,NA,NA
"LBXDP3","exWAS","Docosapentaenoic acid (22:5n-3) (umol/L)","FAS",NA,NA,2199,0.776683253782878,49.3869031377899,20.4663996238346,45.8,35.75,58.05,NA,NA,NA
"LBXDP6","exWAS","Docosapentaenoic acid (22:5n-6) (umol/L)","FAS",NA,NA,2186,0.778003452828273,20.5085132662397,9.2812114352724,18.9,14.4,24.9,NA,NA,NA
"LBXDTA","exWAS","Docosatetraenoic acid (22:4n-6) (umol/L)","FAS",NA,NA,2175,0.779120544328222,26.3874436781609,10.8762231615916,24.5,19.4,31.2,NA,NA,NA
"LBXED1","exWAS","Eicosadienoic acid (20:2n-6) (umol/L)","FAS",NA,NA,2021,0.794759825327511,23.3935972290945,9.22046210124349,21.5,17.4,27.1,NA,NA,NA
"LBXEN1","exWAS","Eicosenoic acid (20:1n-9) (umol/L)","FAS",NA,NA,2065,0.790291459327714,14.3486779661017,8.01255848975639,12.5,9.9,16.2,NA,NA,NA
"LBXEPA","exWAS","Eicosapentaenoic acid (20:5n-3) (umol/L)","FAS",NA,NA,2259,0.770590027419519,60.5949977866313,59.190421181501,45.3,29,72.65,NA,NA,NA
"LBXET1","exWAS","Eicosatrienoic acid (C20:3n-9) (umol/L)","FAS",NA,NA,1928,0.804204326190718,7.43789419087137,5.34697325739195,6.07,4.33,8.93,NA,NA,NA
"LBXGLA","exWAS","gamma-Linolenic acid (18:3n-6) (umol/L)","FAS",NA,NA,2200,0.776581700010155,57.71185,34.2915104565381,49.7,33.6,74.1,NA,NA,NA
"LBXHGL","exWAS","homo-gamma-Linolenic acid (20:3n-6) (umol/L)","FAS",NA,NA,2143,0.782370265055347,155.366122258516,61.5529005873572,146,111,189.5,NA,NA,NA
"LBXLAR","exWAS","Lauric acid (C12:0) (umol/L)","FAS",NA,NA,2166,0.780034528282726,13.6837626962142,27.0407835240659,7.28,4.3925,12.975,NA,NA,NA
"LBXLG1","exWAS","Lignoceric acid (24:0) (umol/L)","FAS",NA,NA,2253,0.771199350055855,56.2174434087883,13.8324428873504,54.6,46.6,64.2,NA,NA,NA
"LBXLNA","exWAS","Linoleic acid (18:2n-6) (umol/L)","FAS",NA,NA,2254,0.771097796283132,3759.18367346939,1007.91314247715,3620,3110,4210,NA,NA,NA
"LBXML1","exWAS","Myristoleic acid (14:1n-5) (umol/L)","FAS",NA,NA,2020,0.794861379100234,8.60977227722772,9.59984660433538,5.645,3.35,10.2,NA,NA,NA
"LBXMR1","exWAS","Myristic acid (14:0) (umol/L)","FAS",NA,NA,2258,0.770691581192241,135.240168290523,112.359269032418,104,68.925,160,NA,NA,NA
"LBXMRG","exWAS","Margaric acid (C17:0) (umol/L)","FAS",NA,NA,2218,0.774753732101148,30.9872858431019,10.5608053475995,28.75,24.2,35.3,NA,NA,NA
"LBXNR1","exWAS","Nervonic acid (24:1n-9) (umol/L)","FAS",NA,NA,2069,0.789885244236823,85.4732721121315,22.6611712147855,82.5,69.8,97.3,NA,NA,NA
"LBXOL1","exWAS","Oleic acid (18:1n-9) (umol/L)","FAS",NA,NA,2253,0.771199350055855,2159.61873058145,1074.09258027366,1910,1500,2480,NA,NA,NA
"LBXPEN","exWAS","Pentadecanoic acid (C15:0) (ï¿½mol/L)","FAS",NA,NA,2246,0.771910226464913,23.4041585040071,11.7648348234462,20.9,15.5,27.9,NA,NA,NA
"LBXPL1","exWAS","Palmitoleic acid (16:1n-7) (umol/L)","FAS",NA,NA,2230,0.773535086828476,237.905291479821,188.127321267884,184,120,288,NA,NA,NA
"LBXPM1","exWAS","Palmitic acid (16:0) (umol/L)","FAS",NA,NA,2259,0.770590027419519,2889.09251881363,1229.12828891206,2590,2120,3280,NA,NA,NA
"LBXSD1","exWAS","Stearidonic acid (C18:4n-3) (umol/L)","FAS",NA,NA,1964,0.800548390372702,3.73977596741344,3.46160716249555,2.73,1.68,4.655,NA,NA,NA
"LBXST1","exWAS","Stearic acid (18:0) (umol/L)","FAS",NA,NA,2259,0.770590027419519,690.618857901726,223.977403442234,644,551,781,NA,NA,NA
"LBXTBN","exWAS","TB Nil control result","TB",NA,NA,4598,0.533055753021225,0.0730709003914746,0.171946740952746,0.04,0.03,0.07,NA,NA,NA
"LBXTSA","exWAS","Tricosanoic acid (C23:0) (umol/L)","FAS",NA,NA,2191,0.777495683964659,28.1131218621634,7.24182442660564,27.5,22.8,32.4,NA,NA,NA
"LBXVC1","exWAS","cis-Vaccenic acid (18:1n-7) (umol/L)","FAS",NA,NA,2213,0.775261500964761,147.373610483507,65.0028633353621,133,106,169,NA,NA,NA
"URX14D","exWAS","2,5-dichlorophenol (ug/L)","EPHPP_H",NA,NA,3162,0.67888697065096,144.356704617331,898.672456923852,5.65,1.5,26.15,NA,NA,NA
"URX1TB","exWAS","2,4,5-trichlorophenol (ug/L) result","L24PP_C",NA,NA,1577,0.83984970041637,0.106207989854153,0.26044612713413,0.07,0.07,0.07,NA,NA,NA
"URX24D","exWAS","2,4-D (ug/L) result","l26PP_B",NA,NA,3122,0.682949121559866,0.477366111467008,1.90245126758815,0.26,0.11,0.48275,NA,NA,NA
"URX25T","exWAS","2,4,5-T (ug/L) result","l26PP_B",NA,NA,1616,0.835889103280187,0.0702660891089109,0.00823740549805721,0.07,0.07,0.07,NA,NA,NA
"URX3TB","exWAS","2,4,6-trichlorophenol (ug/L) result","L24PP_C",NA,NA,1577,0.83984970041637,0.51715282181357,0.682201439954769,0.35,0.35,0.35,NA,NA,NA
"URX4FP","exWAS","4-fluoro-3-phenoxybenzoic (ug/L) acid","l26PP_B",NA,NA,3164,0.678683863105514,0.140533185840708,0.635527830224141,0.07,0.07,0.07,NA,NA,NA
"URX4TO","exWAS","Urinary 4-tert-Octyl phenol","EPH_D",NA,NA,1577,0.83984970041637,0.169841471147749,0.147300713621378,0.14,0.14,0.14,NA,NA,NA
"URXAMU","exWAS","5-acetylamino-6-amino-3-methyluracil(umol/L)","CAFE",NA,NA,3139,0.681222707423581,102.263258999681,154.997290033219,51.1,16.4,128,NA,NA,NA
"URXBP3","exWAS","Urinary 2-Hydroxy-4-metoxybenzophenone (Benzophenone-3)","EPH_D",NA,NA,3162,0.67888697065096,331.807596457938,2233.58231529517,14.1,4.2,62.475,NA,NA,NA
"URXBPH","exWAS","Urinary Bisphenol A","EPH_D",NA,NA,3162,0.67888697065096,4.03097406704617,21.7461974160144,1.7,0.8,3.4,NA,NA,NA
"URXBUP","exWAS","Butyl paraben (ng/ml)","EPH_D",NA,NA,3162,0.67888697065096,2.70389626818469,13.4618428354754,0.14,0.14,0.4,NA,NA,NA
"URXCB3","exWAS","cis-3-(2,2-dibromovinyl)-2,2-dimethylcyclopropane carboxylic acid","l26PP_B",NA,NA,1615,0.83599065705291,0.360173374613003,0.120150544392903,0.35,0.35,0.35,NA,NA,NA
"URXCNP","exWAS","Mono(carboxynonyl) phthalate (ng/mL)","PHTHTE_D",NA,NA,3162,0.67888697065096,5.24756799493991,13.1360686070524,2.45,1.3,5,NA,NA,NA
"URXCOP","exWAS","Mono(carboxyoctyl) phthalate(ng/mL)","PHTHTE_D",NA,NA,3162,0.67888697065096,44.1899114484503,101.887634112275,13.755,5.4525,39.1,NA,NA,NA
"URXCPM","exWAS","3,5,6-trichloropyridinol (ug/L) result","l26PP_B",NA,NA,1616,0.835889103280187,1.44063737623762,1.61915779879569,0.98,0.38,1.91,NA,NA,NA
"URXDAZ","exWAS","Daidzein (ng/mL)","L06PHY_C",NA,NA,1635,0.833959581598456,472.636146788991,1997.55841854603,53.4,17.65,201,NA,NA,NA
"URXDCB","exWAS","2,4-dichlorophenol (ug/L)","EPHPP_H",NA,NA,3162,0.67888697065096,4.35493991144845,24.8622673048726,0.7,0.3,1.7,NA,NA,NA
"URXDEA","exWAS","DEET acid (ug/L)","DEET_E",NA,NA,3149,0.680207169696354,37.7698285805017,580.995394728065,2.24,0.827,7.78,NA,NA,NA
"URXDEE","exWAS","DEET (ug/L)","DEET_E",NA,NA,3159,0.679191631969128,0.0881070591959481,0.829680524445943,0.0587,0.0587,0.0587,NA,NA,NA
"URXDHD","exWAS","Desethyl hydroxy DEET (ug/L)","DEET_E",NA,NA,3146,0.680511831014522,0.476308550540369,7.99429328543185,0.0629,0.0629,0.0629,NA,NA,NA
"URXDMA","exWAS","o-Desmethylangolensin (O-DMA) (ng/mL)","L06PHY_C",NA,NA,1635,0.833959581598456,99.9755351681957,594.537137555189,3,0.6,19.2,NA,NA,NA
"URXECP","exWAS","mono-2-ethyl-5-carboxypentyl phthalate (ng/mL)","L24PH_C",NA,NA,3162,0.67888697065096,41.7,296.83916358872,16.42,8.3,32.98,NA,NA,NA
"URXEPB","exWAS","Ethyl paraben  (ng/ml)","EPH_D",NA,NA,3162,0.67888697065096,18.3748545224541,78.7459656681584,1,0.71,6.7,NA,NA,NA
"URXEQU","exWAS","Equol (ng/mL)","L06PHY_C",NA,NA,1635,0.833959581598456,84.8406788990826,755.887613267121,5.84,2.495,13.55,NA,NA,NA
"URXETD","exWAS","Enterodiol (ng/mL)","L06PHY_C",NA,NA,1635,0.833959581598456,136.220348623853,532.806015502597,38.3,13.7,100,NA,NA,NA
"URXETL","exWAS","Enterolactone (ng/mL)","L06PHY_C",NA,NA,1635,0.833959581598456,667.28006116208,1790.8795924407,241,65.05,707.5,NA,NA,NA
"URXGNS","exWAS","Genistein (ng/mL)","L06PHY_C",NA,NA,1635,0.833959581598456,216.719816513761,957.511065465219,25.4,8.7,92.55,NA,NA,NA
"URXMAL","exWAS","Malathion diacid (ug/L)","LAB26PP",NA,NA,1614,0.836092210825632,0.958847583643123,11.8451653326802,0.35,0.35,0.35,NA,NA,NA
"URXMBP","exWAS","Mono-n-butyl phthalate (ng/mL)","L24PH_C",NA,NA,3162,0.67888697065096,32.5032953826692,462.126204631011,13.595,5.9,26.865,NA,NA,NA
"URXMC1","exWAS","Mono-(3-carboxypropyl) phthalate (ng/mL)","L24PH_C",NA,NA,3162,0.67888697065096,11.3088235294118,77.201260134861,2.7,1.2525,5.9775,NA,NA,NA
"URXMCP","exWAS","Mono-cyclohexyl phthalate (ng/mL)","L24PH_C",NA,NA,1577,0.83984970041637,0.329511731135067,0.484450945189535,0.28,0.28,0.28,NA,NA,NA
"URXMEP","exWAS","Mono-ethyl phthalate (ng/mL)","L24PH_C",NA,NA,3162,0.67888697065096,263.791581277672,1064.36474254577,57.4,20.985,171.15,NA,NA,NA
"URXMHH","exWAS","Mono-(2-ethyl-5-hydroxyhexyl) phthalate (ng/mL)","L24PH_C",NA,NA,3162,0.67888697065096,29.8583364958887,184.139717949428,10.795,5.1,22.0575,NA,NA,NA
"URXMHP","exWAS","Mono-(2-ethyl)-hexyl phthalate (ng/mL)","L24PH_C",NA,NA,3162,0.67888697065096,4.58347881087919,18.8349802318226,1.61,0.6,3.7575,NA,NA,NA
"URXMIB","exWAS","Mono-isobutyl phthalate (ng/mL)","L24PH_C",NA,NA,3162,0.67888697065096,13.9710468058191,24.3981084783651,8.4,3.9,16.2,NA,NA,NA
"URXMNM","exWAS","Mono-n-methyl phthalate (ng/mL)","L24PH_C",NA,NA,3162,0.67888697065096,4.30135989879823,30.8479406176802,1.1,0.35,3.2,NA,NA,NA
"URXMNP","exWAS","Mono-isononyl phthalate (ng/mL)","L24PH_C",NA,NA,3162,0.67888697065096,4.52056925996205,16.9275641883289,0.54,0.54,2.2,NA,NA,NA
"URXMOH","exWAS","Mono-(2-ethyl-5-oxohexl) phthalate (ng/mL)","L24PH_C",NA,NA,3162,0.67888697065096,17.2956546489564,115.128905107978,6.82,3.2,13.5075,NA,NA,NA
"URXMOP","exWAS","Mono-n-octyl phthalate (ng/mL)","L24PH_C",NA,NA,1577,0.83984970041637,0.6171337983513,0.282519085165199,0.59,0.59,0.59,NA,NA,NA
"URXMPB","exWAS","Methyl paraben (ng/ml)","EPH_D",NA,NA,3162,0.67888697065096,260.922147375079,619.729889891529,62.7,14.4,249,NA,NA,NA
"URXMU1","exWAS","1-methyluric acid (umol/L)","CAFE",NA,NA,3140,0.681121153650858,101.067562101911,159.2980226933,50.2,20.575,117.25,NA,NA,NA
"URXMU2","exWAS","3-methyluric acid (umol/L)","CAFE",NA,NA,3140,0.681121153650858,0.995765605095541,2.01239140108432,0.39,0.136,1.05,NA,NA,NA
"URXMU3","exWAS","7-methyluric acid (umol/L)","CAFE",NA,NA,3140,0.681121153650858,26.2129624203822,46.6291675041679,11.2,3.91,28.1,NA,NA,NA
"URXMU4","exWAS","1,3-dimethyluric acid (umol/L)","CAFE",NA,NA,3140,0.681121153650858,11.8892401273885,42.5107773213726,6.125,1.93,14.2,NA,NA,NA
"URXMU5","exWAS","1,7-dimethyluric acid (umol/L)","CAFE",NA,NA,3140,0.681121153650858,44.9942815286624,65.0423522227437,23.55,6.4275,59.7,NA,NA,NA
"URXMU6","exWAS","3,7-dimethyluric acid (umol/L)","CAFE",NA,NA,3140,0.681121153650858,2.02172738853503,3.34256510563246,0.9,0.34,2.2,NA,NA,NA
"URXMU7","exWAS","1,3,7-trimethyluric acid (umol/L)","CAFE",NA,NA,3140,0.681121153650858,2.95807006369427,4.52037967118278,1.35,0.299,3.7825,NA,NA,NA
"URXMX1","exWAS","1-methylxanthine (umol/L)","CAFE",NA,NA,3140,0.681121153650858,54.2263464968153,86.0013858746418,26.5,8.8175,64.525,NA,NA,NA
"URXMX2","exWAS","3-methylxanthine (umol/L)","CAFE",NA,NA,3140,0.681121153650858,49.2462984076433,80.6040393032061,23.6,9.4775,55.5,NA,NA,NA
"URXMX3","exWAS","7-methylxanthine (umol/L)","CAFE",NA,NA,3140,0.681121153650858,84.1400359872611,132.221610890688,40.7,15.075,91.725,NA,NA,NA
"URXMX4","exWAS","1,3-dimethylxanthine(theophylline)umol/L","CAFE",NA,NA,3140,0.681121153650858,2.79074585987261,10.8230211269246,1.62,0.52975,3.54,NA,NA,NA
"URXMX5","exWAS","1,7-dimethylxanthine(paraxanthine)(umol/L)","CAFE",NA,NA,3140,0.681121153650858,25.4709843949045,30.0983212103834,16,4.755,35.125,NA,NA,NA
"URXMX6","exWAS","3,7-dimethylxanthine(theobromine)(umol/L)","CAFE",NA,NA,3140,0.681121153650858,30.9927904458599,44.3991681558081,16.1,6.47,36.525,NA,NA,NA
"URXMX7","exWAS","1,3,7-trimethylxanthine(caffeine)(umol/L)","CAFE",NA,NA,3140,0.681121153650858,6.64287929936306,9.18310245404614,3.195,0.74,9.31,NA,NA,NA
"URXMZP","exWAS","Mono-benzyl phthalate (ng/mL)","L24PH_C",NA,NA,3162,0.67888697065096,12.1759519291588,23.6166085464426,5.8,2.5,13.3,NA,NA,NA
"URXNAL","exWAS","NNAL , urine (ng/mL)","COTNAL_E",NA,NA,9450,0.0403168477708947,0.102803343915344,0.498469055180797,0.0015,4e-04,0.0307,NA,NA,NA
"URXNO3","exWAS","Urinary nitrate (ng/mL)","PERNT_D",NA,NA,3239,0.671067330151315,57210.8551553566,57771.451302464,44600,26300,70350,NA,NA,NA
"URXOPM","exWAS","3-phenoxybenzoic (ug/L) acid result","l26PP_B",NA,NA,3131,0.682035137605362,2.18775662727563,15.2855831683643,0.522,0.2,1.195,NA,NA,NA
"URXOPP","exWAS","O-Phenyl phenol (ug/L) result","L24PP_C",NA,NA,1577,0.83984970041637,0.212580849714648,0.27929388386974,0.14,0.14,0.14,NA,NA,NA
"URXOXY","exWAS","Oxypyrimidine (ug/L) result","UPHOPM_E",NA,NA,3155,0.679597847060018,0.177736925515055,0.530389233141948,0.07,0.07,0.07,NA,NA,NA
"URXP01","exWAS","1-napthol (ng/L)","L31PAH_C",NA,NA,3163,0.678785416878237,28376.0072715776,433478.837018162,1790,701,5928,NA,NA,NA
"URXP02","exWAS","2-napthol(ng/L)","L31PAH_C",NA,NA,3163,0.678785416878237,8718.24565286121,11604.6284399104,4845,2160,10715,NA,NA,NA
"URXP03","exWAS","3-fluorene (ng/L)","L31PAH_C",NA,NA,3158,0.67929318574185,306.830968967701,586.298284407697,92,43.25,261,NA,NA,NA
"URXP04","exWAS","2-fluorene (ng/L)","L31PAH_C",NA,NA,3163,0.678785416878237,618.668985140689,1017.79006582816,252,120.5,619,NA,NA,NA
"URXP05","exWAS","3-phenanthrene (ng/L)","L31PAH_C",NA,NA,3163,0.678785416878237,126.60866266203,183.34912106938,71,36,147,NA,NA,NA
"URXP06","exWAS","1-phenanthrene (ng/L)","L31PAH_C",NA,NA,3162,0.67888697065096,201.270619860848,227.681511280815,134,73,245,NA,NA,NA
"URXP07","exWAS","2-phenanthrene (ng/L)","L31PAH_C",NA,NA,3161,0.678988524423682,106.779057260361,135.574416896991,68,37,127,NA,NA,NA
"URXP10","exWAS","1-pyrene (ng/L)","L31PAH_C",NA,NA,3159,0.679191631969128,235.407122507122,412.260792526264,126,62,258,NA,NA,NA
"URXP17","exWAS","9-fluorene (ng/L)","L31PAH_C",NA,NA,3163,0.678785416878237,557.658583623143,1530.21703585571,277,130,578,NA,NA,NA
"URXPAR","exWAS","Paranitrophenol (ug/L) result","l26PP_B",NA,NA,3108,0.684370874377983,1.0557249034749,2.36361830806274,0.58,0.26,1.1725,NA,NA,NA
"URXPPB","exWAS","Propyl paraben (ng/ml)","EPH_D",NA,NA,3162,0.67888697065096,64.1315370018975,203.016403140976,8.1,1.225,45.1,NA,NA,NA
"URXSCN","exWAS","Urinary thiocyanate (ng/mL)","PERNT_D",NA,NA,3239,0.671067330151315,2382.7105539364,4915.57781899814,1130,555,2450,NA,NA,NA
"URXTCC","exWAS","trans-3-(2,2-dichlorovinyl)-2,2-dimethylcyclopropane carboxylic acid","l26PP_B",NA,NA,3065,0.688737686605057,1.90228450244698,17.9456849130555,0.42,0.42,0.42,NA,NA,NA
"URXTRS","exWAS","Urinary  2,4,4'-Trichloro-2'-hydroxyphenyl ether (Triclosan)","EPH_D",NA,NA,3162,0.67888697065096,100.068972169513,281.887802401688,8.5,1.63,47.675,NA,NA,NA
"URXUAB","exWAS","Urinary Arsenobetaine (ug/L)","L06UAS_C",NA,NA,3277,0.667208286787854,11.2604180653036,46.8071188359876,0.84,0.84,5.89,NA,NA,NA
"URXUAC","exWAS","Urinary Arsenocholine (ug/L)","L06UAS_C",NA,NA,3278,0.667106733015131,0.359569859670531,0.524346256877704,0.42,0.2,0.42,NA,NA,NA
"URXUAS","exWAS","Urinary total Arsenic (ug/L)","L06UAS_C",NA,NA,3267,0.668223824515081,21.4483409856137,59.9208016968865,7.87,4.005,17.33,NA,NA,NA
"URXUAS3","exWAS","Urinary Arsenous acid (ug/L)","L06UAS_C",NA,NA,3278,0.667106733015131,0.757968273337401,1.31835548106665,0.85,0.34,0.85,NA,NA,NA
"URXUAS5","exWAS","Urinary Arsenic acid (ug/L)","L06UAS_C",NA,NA,3267,0.668223824515081,0.712136516681971,0.861445026874892,0.71,0.62,0.71,NA,NA,NA
"URXUBA","exWAS","Barium, urine (ng/mL)","L06HM_B",NA,NA,3258,0.669137808469585,2.18074585635359,8.03272943157168,1.28,0.67,2.49,NA,NA,NA
"URXUBE","exWAS","Beryllium, urine (ng/mL)","L06HM_B",NA,NA,1669,0.830506753325886,0.051,0,0.051,0.051,0.051,NA,NA,NA
"URXUCD","exWAS","Cadmium, urine (ng/mL).","L06HM_C",NA,NA,3258,0.669137808469585,0.31924554941682,0.433651466715052,0.185,0.092,0.367,NA,NA,NA
"URXUCL","exWAS","Urinary Chlamydia","CHLMDA_D",NA,NA,3885,0.605463592972479,1.97580437580438,0.153675875792594,2,2,2,NA,NA,NA
"URXUCO","exWAS","Cobalt, urine (ng/mL)","L06HM_B",NA,NA,3258,0.669137808469585,0.486127378759975,0.861038192087843,0.34,0.204,0.544,NA,NA,NA
"URXUCS","exWAS","Cesium, urine (ng/mL)","L06HM_B",NA,NA,3258,0.669137808469585,4.92507673419276,3.29099645406591,4.3,2.57,6.4675,NA,NA,NA
"URXUDMA","exWAS","Urinary Dimethylarsinic acid (ug/L)","L06UAS_C",NA,NA,3278,0.667106733015131,6.08650701647346,8.62500678563705,3.815,2.07,6.83,NA,NA,NA
"URXUHG","exWAS","Mercury, urine (ng/mL)","L06_B",NA,NA,3268,0.668122270742358,0.675826193390453,1.38343528774252,0.37,0.18,0.77,NA,NA,NA
"URXUMMA","exWAS","Urinary Monomethylarsonic acid (ug/L)","L06UAS_C",NA,NA,3278,0.667106733015131,1.01894142769982,3.50292527941995,0.64,0.63,1,NA,NA,NA
"URXUMO","exWAS","Molybdenum, urine (ng/mL)","L06HM_B",NA,NA,3258,0.669137808469585,58.1601350521792,55.7473345101482,44.5,23.425,75.375,NA,NA,NA
"URXUP8","exWAS","Urinary Perchlorate","L04PER_C",NA,NA,3239,0.671067330151315,4.796703612226,6.91062338048738,3.1,1.73,5.625,NA,NA,NA
"URXUPB","exWAS","Lead, urine (ng/mL)","L06HM_B",NA,NA,3258,0.669137808469585,0.641863106200123,1.32048822752241,0.42,0.24,0.74,NA,NA,NA
"URXUPT","exWAS","Platinum, urine (ng/mL)","L06HM_B",NA,NA,1668,0.830608307098609,0.2358896882494,6.07163139354373,0.006,0.006,0.006,NA,NA,NA
"URXUSB","exWAS","Antimony, urine (ng/mL)","L06HM_B",NA,NA,3258,0.669137808469585,0.0851513198281154,0.14972843537429,0.052,0.029,0.09,NA,NA,NA
"URXUTL","exWAS","Thallium, urine (ng/mL)","L06HM_B",NA,NA,3258,0.669137808469585,0.190408225905463,0.131253266765838,0.164,0.096,0.25,NA,NA,NA
"URXUTM","exWAS","Urinary Trimethylarsine Oxide (ug/L)","L06UAS_C",NA,NA,3278,0.667106733015131,0.472727272727273,0.396651308657484,0.71,0.18,0.71,NA,NA,NA
"URXUTU","exWAS","Tungsten, urine (ng/mL)","L06HM_B",NA,NA,3249,0.670051792424089,0.146065866420437,0.624889409404098,0.078,0.037,0.153,NA,NA,NA
"URX1DC","exWAS","N-acetyl-S-(1,2-dichlorovinyl)-L-cysteine (ng/mL)","SSUVOC_D",NA,NA,1567,0.840865238143597,8.90344607530313,0.136414099846335,8.9,8.9,8.9,NA,NA,NA
"URX2DC","exWAS","N-acetyl-S-(2,2-Dichlorovinyl)-L-cysteine (ng/mL)","SSUVOC_D",NA,NA,1567,0.840865238143597,3.34279514996809,0.461363378284328,3.32,3.32,3.32,NA,NA,NA
"URX2MH","exWAS","2-methylhippuric acid (ng/mL)","SSUVOC_D",NA,NA,1567,0.840865238143597,80.9404275686024,473.604632415827,33.2,14.9,81.5,NA,NA,NA
"URX34M","exWAS","3-methylhippuric acid & 4-methylhippuric acid(ng/mL)","SSUVOC_D",NA,NA,1567,0.840865238143597,535.649336311423,1766.53686245741,214,87.4,585,NA,NA,NA
"URXAAM","exWAS","N-acetyl-S-(2-carbamoylethyl)-L-cysteine(ng/mL)","SSUVOC_D",NA,NA,1567,0.840865238143597,90.6909827696235,153.065390213312,47.8,25.2,97.85,NA,NA,NA
"URXAMC","exWAS","N-acetyl-S-(N-methylcarbamoyl)-L-cysteine(ng/mL)","SSUVOC_D",NA,NA,1567,0.840865238143597,244.185194639438,333.528055575941,136,66.65,273,NA,NA,NA
"URXATC","exWAS","2-aminothiazoline-4-carboxylic acid(ng/mL)","SSUVOC_D",NA,NA,1567,0.840865238143597,177.293682195278,196.234743128963,114,54.3,227.5,NA,NA,NA
"URXBMA","exWAS","N-acetyl-S-(benzyl)-L-cysteine(ng/mL)","SSUVOC_D",NA,NA,1567,0.840865238143597,14.823075303127,42.5765213519721,6.97,3.5,13.3,NA,NA,NA
"URXBPM","exWAS","N-acetyl-S-(n-propyl)-L-cysteine(ng/mL)","SSUVOC_D",NA,NA,1517,0.84594292677973,15.2745682267633,40.5028503821393,4.62,1.63,13.6,NA,NA,NA
"URXCEM","exWAS","N-acetyl-S- (2-Carboxyethyl)-L-cysteine(ng/mL)","SSUVOC_D",NA,NA,1567,0.840865238143597,156.394684109764,191.371028861799,99.5,50.75,191,NA,NA,NA
"URXCYM","exWAS","N-acetyl-S-(2-cyanoethyl)-L-cysteine(ng/mL)","SSUVOC_D",NA,NA,1567,0.840865238143597,50.8474492661136,137.475706883409,2,1.02,12.5,NA,NA,NA
"URXDHB","exWAS","N-acetyl-S-(3,4-Dihidroxybutyl)-L-cysteine(ng/mL)","SSUVOC_D",NA,NA,1567,0.840865238143597,357.807185705169,276.562498715647,295,163.5,475.5,NA,NA,NA
"URXDPM","exWAS","N-acetyl-S-(dimethylphenyl)-L-cysteine(ng/mL)","SSUVOC_D",NA,NA,1567,0.840865238143597,0.356911295469049,0.0684497311148846,0.354,0.354,0.354,NA,NA,NA
"URXGAM","exWAS","N-acetyl-S-(2-carbamoyl-2-hydroxyethyl)-L-cysteine(ng/mL)","SSUVOC_D",NA,NA,1567,0.840865238143597,14.1957115507339,18.9287216805111,6.65,6.65,14.7,NA,NA,NA
"URXHEM","exWAS","N-acetyl-S- (2-Hydroxyethyl)-L-cysteine(ng/mL)","SSUVOC_D",NA,NA,1567,0.840865238143597,2.06663178047224,3.90127663901654,0.97,0.559,1.93,NA,NA,NA
"URXHP2","exWAS","N-acetyl-S- (2-hydroxypropyl)-L-cysteine(ng/mL)","SSUVOC_D",NA,NA,1567,0.840865238143597,70.6388895979579,213.524714638549,32.1,17.2,62.9,NA,NA,NA
"URXHPM","exWAS","N-acetyl-S-(3-Hydroxypropyl)-L-cysteine(ng/mL)","SSUVOC_D",NA,NA,1567,0.840865238143597,477.0589023612,690.607914488271,251,130.5,509,NA,NA,NA
"URXMAD","exWAS","Mandelic acid(ng/mL)","SSUVOC_D",NA,NA,1567,0.840865238143597,229.750733886407,847.682926673712,139,78,236,NA,NA,NA
"URXMB1","exWAS","N-acetyl-s-(1-hydroxyMethyl)-2-propenyl)-L-cysteine(ng/mL)","SSUVOC_D",NA,NA,1567,0.840865238143597,0.501184428844927,0.0692363734976854,0.495,0.495,0.495,NA,NA,NA
"URXMB2","exWAS","N-acetyl-s-(2-hydroxy-3-butenyl)-L-cysteine (ng/mL)","SSUVOC_D",NA,NA,1567,0.840865238143597,0.919403956604978,1.76024534334594,0.495,0.495,0.495,NA,NA,NA
"URXMB3","exWAS","N-acetyl-s-(4-hydroxy-2-butenyl)-L-cysteine (ng/mL)","SSUVOC_D",NA,NA,1567,0.840865238143597,13.4750587109126,22.945002023727,5.9,2.93,12.4,NA,NA,NA
"URXMHNC","exWAS","MHNC (ng/mL)","PHTHTE",NA,NA,1585,0.839037270234589,0.596744479495268,4.45799690046912,0.28,0.28,0.28,NA,NA,NA
"URXOP1","exWAS","Dimethylphosphate (ug/L)","L26OPD_C",NA,NA,1523,0.845333604143394,5.21818910045962,9.78693869156188,2.34,1.075,5.52,NA,NA,NA
"URXOP2","exWAS","Diethylphosphate (ug/L)","L26OPD_C",NA,NA,1540,0.843607190007109,5.51019935064935,18.4423765546533,2.08,0.926,4.6825,NA,NA,NA
"URXOP3","exWAS","Dimethylthiophosphate (ug/L)","L26OPD_C",NA,NA,1538,0.843810297552554,5.32707607282185,14.8427185396992,1.345,0.4925,4.0425,NA,NA,NA
"URXOP4","exWAS","Diethylthiophosphate (ug/L)","L26OPD_C",NA,NA,1525,0.845130496597949,0.800630819672131,2.25792616117357,0.24,0.07,0.632,NA,NA,NA
"URXOP5","exWAS","Dimethyldithiophosphate (ug/L)","L26OPD_C",NA,NA,1548,0.842794759825327,0.732542635658915,2.87193172347396,0.1215,0.07,0.40475,NA,NA,NA
"URXOP6","exWAS","Diethyldithiophosphate (ug/L)","L26OPD_C",NA,NA,1545,0.843099421143495,0.082747572815534,0.0845916109516335,0.07,0.07,0.07,NA,NA,NA
"URXPHE","exWAS","N-acetyl-S-(phenyl-2-hydroxyethyl)-L-cysteine(ng/mL)","SSUVOC_D",NA,NA,1567,0.840865238143597,1.54281748564135,14.0850675604522,0.495,0.495,1.05,NA,NA,NA
"URXPHG","exWAS","Phenylglyoxylic acid(ng/mL)","SSUVOC_D",NA,NA,1567,0.840865238143597,301.933439693682,1070.05589055274,197,105,352,NA,NA,NA
"URXPMA","exWAS","N-acetyl-s-(phenyl)-L-cysteine(ng/mL)","SSUVOC_D",NA,NA,1567,0.840865238143597,0.955767708998085,1.11284566356285,0.424,0.424,1.05,NA,NA,NA
"URXPMM","exWAS","N-acetyl-s-(3-hydroxypropyl-1-methyl)-L-cysteine(ng/mL)","SSUVOC_D",NA,NA,1567,0.840865238143597,516.371123165284,816.459222628548,250,128,491,NA,NA,NA
"URXTCV","exWAS","N-acetyl-s-(trichlorovinyl)-L-cysteine(ng/mL)","SSUVOC_D",NA,NA,1567,0.840865238143597,2.12347160178685,0.0972085304631981,2.12,2.12,2.12,NA,NA,NA
"URXTTC","exWAS","2-thioxothiazolidine-4-carboxylic acid(ng/mL)","SSUVOC_D",NA,NA,1567,0.840865238143597,31.8104020421187,103.317206010212,7.9,7.9,20.25,NA,NA,NA
"URXUMN","exWAS","Manganese, urine (ug/L)","UHM",NA,NA,1589,0.838631055143699,0.170285714285714,0.489823188352111,0.12,0.057,0.2,NA,NA,NA
"URXUSN","exWAS","Tin, urine (ug/L)","UHM",NA,NA,1589,0.838631055143699,1.32335556954059,3.3436674441988,0.51,0.27,1.09,NA,NA,NA
"URXUSR","exWAS","Strontium, urine (ug/L)","UHM",NA,NA,1589,0.838631055143699,123.784977973568,105.165922359721,91.96,51.67,171.17,NA,NA,NA
"PAQ_recreation_moderate_met","exWAS","MET Moderate Leisure Per Week","PAQ_E",NA,NA,9810,0.0037574895907383,384.490112130479,810.526466926041,0,0,480,NA,NA,NA
"PAQ_recreation_moderate_week","exWAS","Moderate Leisure Per Week","PAQ_E",NA,NA,9810,0.0037574895907383,96.1225280326198,202.63161673151,0,0,120,NA,NA,NA
"PAQ_recreation_vigorous_met","exWAS","MET Vigorous Leisure Per Week","PAQ_E",NA,NA,9817,0.0030466131816797,686.162371396557,1685.55278059138,0,0,480,NA,NA,NA
"PAQ_recreation_vigorous_week","exWAS","Vigorous Leisure Per Week","PAQ_E",NA,NA,9817,0.0030466131816797,85.7702964245696,210.694097573922,0,0,60,NA,NA,NA
"PAQ_total_met","exWAS","MET Total","PAQ_E",NA,NA,9794,0.0053823499543008,3557.42577088013,5541.55425378934,1440,240,4320,NA,NA,NA
"PAQ_walk_met","exWAS","MET Walk Per Week","PAQ_E",NA,NA,9809,0.00385904336346095,460.333978998879,1289.06903608793,0,0,360,NA,NA,NA
"PAQ_walk_week","exWAS","Walk Activity Per Week","PAQ_E",NA,NA,9809,0.00385904336346095,115.08349474972,322.267259021981,0,0,90,NA,NA,NA
"PAQ_work_moderate_met","exWAS","MET Moderate Work Per Week","PAQ_E",NA,NA,9807,0.00406215090890627,941.921892525747,2177.0443132113,0,0,600,NA,NA,NA
"PAQ_work_moderate_week","exWAS","Moderate Work Per Week","PAQ_E",NA,NA,9807,0.00406215090890627,235.480473131437,544.261078302825,0,0,150,NA,NA,NA
"PAQ_work_vigorous_met","exWAS","MET Vigorous Work Per Week","PAQ_E",NA,NA,9811,0.00365593581801564,1086.98399755377,3606.14901088886,0,0,0,NA,NA,NA
"PAQ_work_vigorous_week","exWAS","Vigorous Work Per Week","PAQ_E",NA,NA,9811,0.00365593581801564,135.872999694221,450.768626361108,0,0,0,NA,NA,NA
"SMQ710","exWAS","During the past 5 days {including today}, on how many days did {you/he/she}","SMQMEC_B",NA,NA,1973,0.799634406418198,4.36340598073999,1.20690161866854,5,4,5,NA,NA,NA
"SMQ720","exWAS","During the past 5 days, on the days {you/he/she} smoked, how many cigarette","SMQMEC_B",NA,NA,1973,0.799634406418198,11.3821591485048,24.0853562860291,10,4,17,NA,NA,NA
"SMQ725","exWAS","When did {you/he/she} smoke {your/his/her} last cigarette? Was it...","SMQMEC",NA,NA,1973,0.799634406418198,1.3340091231627,0.601252912529701,1,1,2,NA,NA,NA
"SMQ_current_ever_never","exWAS","Smoking: current, ever, never","SMQ",NA,NA,8153,0.17203209099218,0.671041334478106,0.833084651573138,0,0,1,NA,NA,NA
"SMQ_how_long_since_quit_years","exWAS","How long since quit","SMQ",NA,NA,1614,0.836092210825632,14.524477908805,12.2360842225925,11.5,3,24,NA,NA,NA
"SMD415","exWAS","Total number of smokers in home","SMQFAM",NA,NA,1555,0.842083883416269,1.55369774919614,0.682690112848828,1,1,2,NA,NA,NA
"SMD415A","exWAS","Total # of cigarette smokers in home","SMQFAM",NA,NA,1478,0.849903523915914,1.54533152909337,0.67274173384303,1,1,2,NA,NA,NA
"HOQ065","exWAS","Is this {mobile home/house/apartment} owned, being bought, rented, or occup","HOQ",NA,NA,9802,0.00456991977251955,1.48235054070598,0.578272607517823,1,1,2,NA,NA,NA
"ORXHPV","exWAS","Oral HPV Result","ORHPV",NA,NA,8684,0.11810703767645,1.9295255642561,0.285725031555017,2,2,2,NA,NA,NA
"PA_sedentary_activity_min_per_day","exWAS","Sedentary Activity Min Per Day","PAQ_E",NA,NA,9789,0.00589011881791409,355.427214220043,202.493265612775,300,180,480,NA,NA,NA
"BMXARMC","pheWAS","Arm Circumference (cm)","BMX",NA,NA,9579,0.027216411089672,32.7866478755611,5.28261431659392,32.4,29,36,NA,NA,NA
"BMXARML","pheWAS","Upper Arm Length (cm)","BMX",NA,NA,9584,0.0267086422260587,37.0059056761269,2.77148397442748,37,35,39,NA,NA,NA
"BMXBMI","pheWAS","Body Mass Index (kg/m**2)","BMX",NA,NA,9770,0.00781964049964456,28.359483111566,7.07501835228711,27.18,23.3,32,NA,NA,NA
"BMXHT","pheWAS","Standing Height (cm)","BMX",NA,NA,9780,0.006804102772418,167.955766871166,9.92547722499151,167.65,160.7,175,NA,NA,NA
"BMXLEG","pheWAS","Upper Leg Length (cm)","BMX",NA,NA,9497,0.0355438204529298,38.9724123407392,3.74374839800045,39,36.5,41.5,NA,NA,NA
"BMXSUB","pheWAS","Subscapular Skinfold (mm)","BMX",NA,NA,4172,0.576317660201076,20.2715484180249,8.36653024197673,19.8,13.2,26.4,NA,NA,NA
"BMXTRI","pheWAS","Triceps Skinfold (mm)","BMX",NA,NA,4567,0.536203919975627,18.8164440551785,8.43893469074917,18,11.8,25.2,NA,NA,NA
"BMXWAIST","pheWAS","Waist Circumference (cm)","BMX",NA,NA,9518,0.033411191225754,95.8247005673461,17.2113367503733,94.5,82.7,106.2,NA,NA,NA
"BMXWT","pheWAS","Weight (kg)","BMX",NA,NA,9774,0.00741342540875394,80.2463474524248,22.0651292737754,76.9,64.7,91.8,NA,NA,NA
"BPXPLS","pheWAS","60 sec. pulse (30 sec. pulse * 2):","BPX",NA,NA,9532,0.0319894384076368,73.2421317666807,12.0011766284023,72,64,80,NA,NA,NA
"SPXNFEV1","pheWAS","Baseline 1st Test Spirometry, Forced Expiratory Volume in the first 1.0 sec","SPX_E",NA,NA,8851,0.101147557631766,3214.96011750085,869.262642457991,3162,2600,3805.5,NA,NA,NA
"SPXNFVC","pheWAS","Baseline 1st Test Spirometry, Forced Vital Capacity, in mL.","SPX_E",NA,NA,8851,0.101147557631766,3994.92633600723,1043.36324294078,3900,3236,4692.5,NA,NA,NA
"DXAFMRD0","pheWAS","Calculated DO for femur","DXXFEM_D",NA,NA,4342,0.559053518838225,47.7599181943805,2.02222082465377,47.87485,46.365975,49.209275,NA,NA,NA
"DXAFMRK","pheWAS","Calculated K for femur","DXXFEM_D",NA,NA,4342,0.559053518838225,1.1355436204514,0.00449207031982318,1.1354,1.1324,1.1387,NA,NA,NA
"DXASPND0","pheWAS","Calculated D0 for spine","DXXSPN_D",NA,NA,4458,0.547273281202397,43.8397595782862,2.25843353160018,43.84455,42.279575,45.384175,NA,NA,NA
"DXASPNK","pheWAS","Calculated K for spine","DXXSPN_D",NA,NA,4458,0.547273281202397,1.13348400628084,0.00487150874042966,1.1337,1.1303,1.1367,NA,NA,NA
"DXXINA","pheWAS","Intertrochanter area (cm^2)","DXXFEM_D",NA,NA,4342,0.559053518838225,19.7351266697374,3.85818134005948,19.33,16.6825,22.4675,NA,NA,NA
"DXXINBMC","pheWAS","Intertrochanter bone mineral content (gm)","DXXFEM_D",NA,NA,4342,0.559053518838225,23.3472385997236,6.46137638898133,22.46,18.2925,27.7175,NA,NA,NA
"DXXINBMD","pheWAS","Intertrochanter bone mineral density (gm/cm^2)","DXXFEM_D",NA,NA,4342,0.559053518838225,1.17462574850299,0.18296483300839,1.168,1.052,1.29575,NA,NA,NA
"DXXL1A","pheWAS","L1 area","DXXSPN_D",NA,NA,4184,0.575099014928405,13.1764579349904,1.97676092869317,13.01,11.7,14.4825,NA,NA,NA
"DXXL1BMC","pheWAS","L1 Bone Mineral Composition","DXXSPN_D",NA,NA,4184,0.575099014928405,12.8047514340344,3.28838928988045,12.53,10.46,14.79,NA,NA,NA
"DXXL1BMD","pheWAS","L1 Bone Mineral Density","DXXSPN_D",NA,NA,4184,0.575099014928405,0.96266395793499,0.149472694587242,0.957,0.865,1.05925,NA,NA,NA
"DXXL2A","pheWAS","L2 area","DXXSPN_D",NA,NA,4225,0.570935310246776,14.3218627218935,2.01371246416842,14.14,12.86,15.7,NA,NA,NA
"DXXL2BMC","pheWAS","L2 Bone Mineral Composition","DXXSPN_D",NA,NA,4225,0.570935310246776,15.0266106508876,3.51231369021285,14.69,12.61,17.15,NA,NA,NA
"DXXL2BMD","pheWAS","L2 Bone Mineral Density","DXXSPN_D",NA,NA,4225,0.570935310246776,1.04242982248521,0.153200727596727,1.039,0.94,1.142,NA,NA,NA
"DXXL3A","pheWAS","L3 area","DXXSPN_D",NA,NA,4204,0.573067939473951,15.6850832540438,2.10935057661605,15.51,14.1675,17.14,NA,NA,NA
"DXXL3BMC","pheWAS","L3 Bone Mineral Composition","DXXSPN_D",NA,NA,4204,0.573067939473951,16.7391531874405,3.71107733364452,16.41,14.16,19,NA,NA,NA
"DXXL4A","pheWAS","L4 area","DXXSPN_D",NA,NA,4062,0.587488575200569,17.3521935007386,2.27879075554057,17.24,15.7,18.84,NA,NA,NA
"DXXL4BMC","pheWAS","L4 Bone Mineral Composition","DXXSPN_D",NA,NA,4062,0.587488575200569,18.4620630231413,4.00277251587022,18.18,15.7,20.8375,NA,NA,NA
"DXXL4BMD","pheWAS","L4 Bone Mineral Density","DXXSPN_D",NA,NA,4062,0.587488575200569,1.0590893648449,0.150321501111026,1.058,0.958,1.152,NA,NA,NA
"DXXNKA","pheWAS","Femoral neck area (cm^2)","DXXFEM_D",NA,NA,4342,0.559053518838225,5.18655228005527,0.554430312230597,5.18,4.78,5.58,NA,NA,NA
"DXXNKBMC","pheWAS","Femoral neck bone mineral content (gm)","DXXFEM_D",NA,NA,4342,0.559053518838225,4.5483486872409,0.974562845085113,4.46,3.86,5.13,NA,NA,NA
"DXXNKBMD","pheWAS","Femoral neck bone mineral density (gm/cm^2)","DXXFEM_D",NA,NA,4342,0.559053518838225,0.875661446338093,0.15433294375254,0.864,0.767,0.972,NA,NA,NA
"DXXOFA","pheWAS","Total femur area (cm^2)","DXXFEM_D",NA,NA,4342,0.559053518838225,36.3290419161677,6.04432848205487,35.74,31.39,40.95,NA,NA,NA
"DXXOFBMC","pheWAS","Total femur bone mineral content (gm)","DXXFEM_D",NA,NA,4342,0.559053518838225,36.5864371257485,9.60532298605901,35.45,29.19,43.1,NA,NA,NA
"DXXOFBMD","pheWAS","Total femur bone mineral density (gm/cm^2)","DXXFEM_D",NA,NA,4342,0.559053518838225,0.999067710732381,0.157945737661361,0.992,0.89,1.101,NA,NA,NA
"DXXOSA","pheWAS","Total spine area","DXXSPN_D",NA,NA,3688,0.625469686198842,60.386998373102,7.99007951267875,59.65,54.44,65.9025,NA,NA,NA
"DXXOSBMC","pheWAS","Total spine BMC","DXXSPN_D",NA,NA,3688,0.625469686198842,62.8488042299349,13.8327262259881,61.605,53.4075,71.32,NA,NA,NA
"DXXOSBMD","pheWAS","Total spine BMD","DXXSPN_D",NA,NA,3688,0.625469686198842,1.03479962039046,0.142748248183639,1.033,0.944,1.126,NA,NA,NA
"DXXTRA","pheWAS","Trochanter area (cm^2)","DXXFEM_D",NA,NA,4342,0.559053518838225,11.4058106863197,2.08230515774158,11.21,9.82,12.87,NA,NA,NA
"DXXTRBMC","pheWAS","Trochanter bone mineral content (gm)","DXXFEM_D",NA,NA,4342,0.559053518838225,8.69105481345002,2.56298198534663,8.29,6.76,10.33,NA,NA,NA
"DXXTRBMD","pheWAS","Trochanter bone mineral density (gm/cm^2)","DXXFEM_D",NA,NA,4342,0.559053518838225,0.75445900506679,0.13578703344811,0.744,0.66,0.838,NA,NA,NA
"DXXWDA","pheWAS","Ward's triangle area (cm^2)","DXXFEM_D",NA,NA,4342,0.559053518838225,1.19126439428835,0.086282028564491,1.16,1.13,1.29,NA,NA,NA
"DXXWDBMC","pheWAS","Ward's triangle bone mineral content (gm)","DXXFEM_D",NA,NA,4342,0.559053518838225,0.904546292031322,0.267934180767442,0.88,0.71,1.08,NA,NA,NA
"DXXWDBMD","pheWAS","Ward's triangle bone mineral density (gm/cm^2)","DXXFEM_D",NA,NA,4342,0.559053518838225,0.754714877936435,0.203256590110575,0.7415,0.605,0.886,NA,NA,NA
"LBDBANO","pheWAS","Basophils number (1000 cells/uL)","CBC_D",NA,NA,9367,0.0487458109068752,0.0399914593786698,0.0775307584438894,0,0,0.1,NA,NA,NA
"LBDEONO","pheWAS","Eosinophils number (1000 cells/uL)","CBC_D",NA,NA,9367,0.0487458109068752,0.19883634034376,0.191785533365308,0.2,0.1,0.2,NA,NA,NA
"LBDHDD","pheWAS","Direct HDL-Cholesterol (mg/dL)","HDL_D",NA,NA,9239,0.0617446938153752,51.9470721939604,15.0041746312592,50,41,60,NA,NA,NA
"LBDLDL","pheWAS","LDL-cholesterol (mg/dL)","L13AM_B",NA,NA,4418,0.551335432111303,111.928248076053,35.2615578658806,109,86,133,NA,NA,NA
"LBDLYMNO","pheWAS","Lymphocyte number (1000 cells/uL)","CBC_D",NA,NA,9367,0.0487458109068752,2.14947154905519,0.674613237253008,2.1,1.7,2.5,NA,NA,NA
"LBDMONO","pheWAS","Monocyte number (1000 cells/uL)","CBC_D",NA,NA,9367,0.0487458109068752,0.51757232838689,0.183218548136721,0.5,0.4,0.6,NA,NA,NA
"LBDNENO","pheWAS","Segmented neutrophils num (1000 cell/uL)","CBC_D",NA,NA,9367,0.0487458109068752,4.14645030425964,1.88060215754824,3.9,3,5,NA,NA,NA
"LBDP3","pheWAS","Prostate specific antigen ratio (%)","L11PSA_B",NA,NA,1101,0.888189296232355,30.1743869209809,12.6394950169255,28,21,38,NA,NA,NA
"LBDFOT","pheWAS","Serum total folate (ng/mL)","FOLFMS",NA,NA,4499,0.543109576520768,17.8570304512114,9.42976006619044,15.8,11.2,22.3,NA,NA,NA
"LBDRFO","pheWAS","RBC folate (ng/mL)","FOLATE",NA,NA,4621,0.530720016248604,455.682795931617,193.131531768542,422,324,543,NA,NA,NA
"LBXAPB","pheWAS","Apolipoprotein (B) (mg/dL)","ApoB_E",NA,NA,4497,0.543312684066213,87.8647987547254,25.5234427413107,86,69,104,NA,NA,NA
"LBXATG","pheWAS","Thyroglobulin antibodies (IU/mL)","THYROD_E",NA,NA,3069,0.688331471514167,7.32961876832845,65.5123585225198,0.6,0.6,0.6,NA,NA,NA
"LBXBAPCT","pheWAS","Basophils percent (%)","CBC_D",NA,NA,9367,0.0487458109068752,0.705295185224725,0.620033317870389,0.6,0.4,0.9,NA,NA,NA
"LBXCRP","pheWAS","C-reactive protein (mg/dL)","CRP_D",NA,NA,4713,0.521377069158119,0.384752811372799,0.775169314029412,0.16,0.06,0.41,NA,NA,NA
"LBXEOPCT","pheWAS","Eosinophils percent (%)","CBC_D",NA,NA,9367,0.0487458109068752,2.86294437920359,2.17713321412197,2.3,1.5,3.6,NA,NA,NA
"LBXFER","pheWAS","Ferritin(ng/mL)","FERTIN_D",NA,NA,1647,0.832740936325784,54.1554341226472,61.6482506626083,38,20,68,NA,NA,NA
"LBXFOLSI","pheWAS","Serum folate ( nmol/L)","FOLATE_E",NA,NA,4712,0.521478622930842,37.7652376910017,22.1937078421951,33.3,23,47.2,NA,NA,NA
"LBXGH","pheWAS","Glycohemoglobin (%)","GHB_D",NA,NA,9360,0.0494566873159338,5.64574786324786,1.02838706301622,5.4,5.2,5.8,NA,NA,NA
"LBXGLT","pheWAS","Two hour oral glucose tolerance (OGTT) (mg/dL)","OGTT_D",NA,NA,3623,0.632070681425815,112.275462324041,48.4444016017231,102,84,126,NA,NA,NA
"LBXGLU","pheWAS","Fasting Glucose (mg/dL)","GLU_D",NA,NA,4539,0.539047425611861,103.694205772197,29.7748254176172,97,91,106,NA,NA,NA
"LBXHCT","pheWAS","Hematocrit (%)","CBC_D",NA,NA,9377,0.0477302731796486,41.1116028580569,4.21668479167744,41.2,38.3,44.2,NA,NA,NA
"LBXHGB","pheWAS","Hemoglobin (g/dL)","CBC_D",NA,NA,9377,0.0477302731796486,14.0537378692546,1.49261162077685,14.1,13.1,15.1,NA,NA,NA
"LBXIN","pheWAS","Insulin (uU/mL )","GLU_D",NA,NA,4400,0.553163400020311,14.7349613636364,16.4631115447617,11.075,6.9975,17.7825,NA,NA,NA
"LBXLYPCT","pheWAS","Lymphocyte percent (%)","CBC_D",NA,NA,9367,0.0487458109068752,31.5254724031173,8.56864371799791,31,25.7,36.7,NA,NA,NA
"LBXMC","pheWAS","Mean cell hemoglobin concentration (g/dL)","CBC_D",NA,NA,9377,0.0477302731796486,34.1725818492055,1.01775307926696,34.2,33.6,34.8,NA,NA,NA
"LBXMCHSI","pheWAS","Mean cell hemoglobin (pg)","CBC_D",NA,NA,9377,0.0477302731796486,30.3717286978778,2.35940260229107,30.7,29.3,31.7,NA,NA,NA
"LBXMCVSI","pheWAS","Mean cell volume (fL)","CBC_D",NA,NA,9377,0.0477302731796486,88.824709395329,5.77214411633808,89.4,86.1,92.3,NA,NA,NA
"LBXMOPCT","pheWAS","Monocyte percent (%)","CBC_D",NA,NA,9367,0.0487458109068752,7.57933169638091,2.32282031020708,7.4,6.1,8.9,NA,NA,NA
"LBXMPSI","pheWAS","Mean platelet volume (fL)","CBC_D",NA,NA,9376,0.0478318269523713,8.18267918088737,0.911681061130546,8.1,7.6,8.7,NA,NA,NA
"LBXNEPCT","pheWAS","Segmented neutrophils percent (%)","CBC_D",NA,NA,9367,0.0487458109068752,57.3680687520017,9.80337637107096,57.8,51.1,64.1,NA,NA,NA
"LBXP1","pheWAS","Prostate specific antigen, total (ng/mL)","L11PSA_B",NA,NA,1101,0.888189296232355,1.3502906448683,1.80441652795519,0.87,0.55,1.49,NA,NA,NA
"LBXP2","pheWAS","Prostate specific antigen (PSA), free (ng/mL)","L11PSA_B",NA,NA,1101,0.888189296232355,0.328283378746594,0.320339387618579,0.25,0.16,0.39,NA,NA,NA
"LBXPLTSI","pheWAS","Platelet count SI (1000 cells/uL)","CBC_D",NA,NA,9376,0.0478318269523713,242.899424061433,61.4701212248812,236,203,277,NA,NA,NA
"LBXPS4","pheWAS","Complexed prostate specific antigen (ng/mL)","PSA_E",NA,NA,1101,0.888189296232355,0.840663033605813,1.2817765427099,0.49,0.28,0.92,NA,NA,NA
"LBXRBCSI","pheWAS","Red blood cell count (million cells/uL)","CBC_D",NA,NA,9377,0.0477302731796486,4.63890903273968,0.485004435454909,4.63,4.3,4.97,NA,NA,NA
"LBXRBFSI","pheWAS","RBC folate (nmol/L)","FOLATE_E",NA,NA,4724,0.52025997765817,1032.70575783235,429.678654504326,948,737,1230,NA,NA,NA
"LBXRDW","pheWAS","Red cell distribution width (%)","CBC_D",NA,NA,9377,0.0477302731796486,12.8839394262557,1.30807666291292,12.6,12.2,13.3,NA,NA,NA
"LBXSAL","pheWAS","Albumin (g/dL)","BIOPRO_D",NA,NA,9206,0.0650959683152229,4.30595263958288,0.345215422175575,4.3,4.1,4.5,NA,NA,NA
"LBXSAPSI","pheWAS","Alkaline phosphotase (U/L)","BIOPRO_D",NA,NA,9205,0.0651975220879456,74.3359043997827,37.1929109261885,67,54,83,NA,NA,NA
"LBXSASSI","pheWAS","Aspartate aminotransferase AST (U/L)","BIOPRO_D",NA,NA,9200,0.0657052909515588,25.8261956521739,17.4187009012082,23,19,28,NA,NA,NA
"LBXSATSI","pheWAS","Alanine aminotransferase ALT (U/L)","BIOPRO_D",NA,NA,9203,0.0654006296333909,25.3867217211779,23.5703423065509,20,16,28,NA,NA,NA
"LBXSBU","pheWAS","Blood urea nitrogen (mg/dL)","BIOPRO_D",NA,NA,9206,0.0650959683152229,11.8826852053009,4.56226522566627,11,9,14,NA,NA,NA
"LBXSC3SI","pheWAS","Bicarbonate (mmol/L)","BIOPRO_D",NA,NA,9205,0.0651975220879456,25.158174904943,2.1112500889554,25,24,27,NA,NA,NA
"LBXSCA","pheWAS","Total calcium (mg/dL)","BIOPRO_D",NA,NA,9205,0.0651975220879456,9.42937533948941,0.34772135077982,9.4,9.2,9.6,NA,NA,NA
"LBXSCH","pheWAS","Cholesterol (mg/dL)","BIOPRO_D",NA,NA,9205,0.0651975220879456,187.820423682781,41.8867782288133,184,158,213,NA,NA,NA
"LBXSCLSI","pheWAS","Chloride (mmol/L)","BIOPRO_D",NA,NA,9205,0.0651975220879456,104.019445953286,2.67952785620886,104,102,106,NA,NA,NA
"LBXSCR","pheWAS","Creatinine (mg/dL)","BIOPRO_D",NA,NA,9206,0.0650959683152229,0.856015641972627,0.410347642621808,0.82,0.69,0.96,NA,NA,NA
"LBXSGB","pheWAS","Globulin (g/dL)","BIOPRO_D",NA,NA,9188,0.0669239362242307,2.90460383108402,0.449911431113797,2.9,2.6,3.2,NA,NA,NA
"LBXSGL","pheWAS","Glucose, serum (mg/dL)","BIOPRO_D",NA,NA,9206,0.0650959683152229,98.0777753638931,35.9949092798115,90,83,100,NA,NA,NA
"LBXSGTSI","pheWAS","Gamma glutamyl transferase (U/L)","BIOPRO_D",NA,NA,9204,0.0652990758606682,26.6349413298566,35.9818543057084,18,13,28,NA,NA,NA
"LBXSIR","pheWAS","Iron, refigerated (ug/dL)","BIOPRO_D",NA,NA,9198,0.0659083984970042,85.631985214177,36.6699161708737,81,61,106,NA,NA,NA
"LBXSKSI","pheWAS","Potassium (mmol/L)","BIOPRO_D",NA,NA,9205,0.0651975220879456,3.94172732210755,0.317869670289797,3.9,3.7,4.1,NA,NA,NA
"LBXSLDSI","pheWAS","Lactate dehydrogenase LDH (U/L)","BIOPRO_D",NA,NA,9200,0.0657052909515588,128.548152173913,31.5797023869244,125,111,142,NA,NA,NA
"LBXSNASI","pheWAS","Sodium (mmol/L)","BIOPRO_D",NA,NA,9205,0.0651975220879456,139.095708853884,2.05632023305786,139,138,140,NA,NA,NA
"LBXSOSSI","pheWAS","Osmolality (mmol/Kg)","BIOPRO_D",NA,NA,9205,0.0651975220879456,277.36371537208,4.45627119816055,277,275,280,NA,NA,NA
"LBXSPH","pheWAS","Phosphorus (mg/dL)","BIOPRO_D",NA,NA,9203,0.0654006296333909,3.811159404542,0.59592216469982,3.8,3.4,4.2,NA,NA,NA
"LBXSTB","pheWAS","Total bilirubin (mg/dL)","BIOPRO_D",NA,NA,9198,0.0659083984970042,0.731789519460752,0.304570801833188,0.7,0.5,0.8,NA,NA,NA
"LBXSTP","pheWAS","Total protein (g/dL)","BIOPRO_D",NA,NA,9188,0.0669239362242307,7.21037222464084,0.469238969285649,7.2,6.9,7.5,NA,NA,NA
"LBXSTR","pheWAS","Triglycerides (mg/dL)","BIOPRO_D",NA,NA,9199,0.0658068447242815,143.365039678226,127.102664927602,109,71,172,NA,NA,NA
"LBXSUA","pheWAS","Uric acid (mg/dL)","BIOPRO_D",NA,NA,9204,0.0652990758606682,5.32732507605389,1.39721233083719,5.2,4.3,6.2,NA,NA,NA
"LBXT3F","pheWAS","Triiodothyronine (T3), free (pg/mL)","THYROD_E",NA,NA,3087,0.686503503605159,3.27468091998704,0.61851369436631,3.23,3,3.5,NA,NA,NA
"LBXT4F","pheWAS","Thyroxine, free (ng/dL)","THYROD_E",NA,NA,3093,0.685894180968823,0.814691238279987,0.149680157204366,0.8,0.71,0.9,NA,NA,NA
"LBXTC","pheWAS","Total cholesterol (mg/dL)","l13_b",NA,NA,9239,0.0617446938153752,189.304578417578,42.1230361555964,186,159,215,NA,NA,NA
"LBXTFR","pheWAS","Transferrin receptor (mg/L)","L06TFR_C",NA,NA,1647,0.832740936325784,3.39404978749241,2.35085642571728,2.9,2.3,3.7,NA,NA,NA
"LBXTGN","pheWAS","Thyroglobulin (ng/mL)","THYROD_E",NA,NA,3090,0.686198842286991,14.4892103559871,23.5424557295608,9.71,5.69,16.1975,NA,NA,NA
"LBXTPO","pheWAS","Thyroid peroxidase antibodies (IU/mL)","THYROD_E",NA,NA,3062,0.689042347923225,19.0816067929458,87.5278050571159,0.6,0.3,1.4,NA,NA,NA
"LBXTR","pheWAS","Triglyceride (mg/dL)","L13AM_B",NA,NA,4496,0.543414237838936,122.745996441281,98.8369720107221,97,68,146,NA,NA,NA
"LBXTSH1","pheWAS","Thyroid stimulating hormone (uIU/mL)","THYROD_E",NA,NA,3093,0.685894180968823,1.86694018752021,3.29685215764928,1.45,0.99,2.12,NA,NA,NA
"LBXTT3","pheWAS","Triiodothyronine (T3), total (ng/dL)","THYROD_E",NA,NA,3092,0.685995734741546,119.220569210867,24.4207270438277,116,104,132,NA,NA,NA
"LBXTT4","pheWAS","Thyroxine, total (T4) (ug/dL)","THYROD_E",NA,NA,3066,0.688636132832335,8.03602739726027,1.60793286421522,7.85,7,8.86,NA,NA,NA
"LBXWBCSI","pheWAS","White blood cell count (1000 cells/uL)","CBC_D",NA,NA,9377,0.0477302731796486,7.05732110483097,2.29112259327846,6.8,5.6,8.2,NA,NA,NA
"LBXMMASI","pheWAS","Methylmalonic Acid (nmol/L)","MMA",NA,NA,3761,0.618056260790088,153.539670300452,126.052855493148,128,99.8,167,NA,NA,NA
"LBXSCK","pheWAS","Creatine Phosphokinase(CPK) (IU/L)","BIOPRO",NA,NA,4520,0.540976947293592,169.554424778761,194.705217813137,117,79,188,NA,NA,NA
"LBXSF1SI","pheWAS","5-Methyl-tetrahydrofolate (nmol/L)","FOLFMS_E",NA,NA,4502,0.5428049152026,37.0071790315415,19.5127749845303,33.15,22.8,47.2,NA,NA,NA
"LBXSF2SI","pheWAS","Folic acid (nmol/L)","FOLFMS_E",NA,NA,4503,0.542703361429877,1.50285169886742,5.22077351758106,0.697,0.515,0.97,NA,NA,NA
"LBXSF3SI","pheWAS","5-Formyl-tetrahydrofolate (nmol/L)","FOLFMS",NA,NA,4504,0.542601807657154,0.227023978685613,0.486572539505034,0.212,0.212,0.212,NA,NA,NA
"LBXSF4SI","pheWAS","Tetrahydrofolate (nmol/L)","FOLFMS",NA,NA,4503,0.542703361429877,1.48620608483233,1.47699848850319,0.92,0.55,1.7,NA,NA,NA
"LBXSF5SI","pheWAS","5,10-Methenyl-tetrahydrofolate (nmol/L)","FOLFMS",NA,NA,4505,0.542500253884432,0.250317425083241,0.0913672129519368,0.24,0.24,0.24,NA,NA,NA
"LBXSF6SI","pheWAS","Mefox oxidation product (nmol/L)","FOLFMS",NA,NA,4505,0.542500253884432,1.8150410654828,1.55816890085115,1.37,0.86,2.23,NA,NA,NA
"LBXTBA","pheWAS","TB Antigen result","TB",NA,NA,4597,0.533157306793947,0.401646726125734,1.54737789063987,0.06,0.04,0.12,NA,NA,NA
"LBXTBM","pheWAS","TB Mitogen control result","TB",NA,NA,4595,0.533360414339393,10.5847029379761,1.67642373292883,11,11,11,NA,NA,NA
"LBXTST","pheWAS","Testosterone total (ng/dL)","TST",NA,NA,4482,0.544835990657053,222.60139892905,237.287799713105,104.795,20.85,392.8175,NA,NA,NA
"URXUCR","pheWAS","Creatinine, urine (mg/dL)","ALB_CR_D",NA,NA,9730,0.0118817914085508,131.646454265159,84.9135223652152,117,66,179,NA,NA,NA
"URXUIO","pheWAS","Iodine, urine (ng/mL)","L06UIO_B",NA,NA,3267,0.668223824515081,218.881512090603,1065.92273907238,129.6,72.25,225.4,NA,NA,NA
"URXUMA","pheWAS","Albumin, urine (ug/mL)","ALB_CR_D",NA,NA,9730,0.0118817914085508,34.434125385406,246.275110051456,7.3,3.9,15.2,NA,NA,NA
"ENXMEAN","pheWAS","Mean of two reproducible FENO measurements, in parts per billion","ENX_E",NA,NA,8933,0.0928201482685082,16.7975484159857,15.5526697701891,12.5,8.5,19.5,NA,NA,NA
"MDIASTOLIC","pheWAS","Diastolic Mean","BPX",NA,NA,9520,0.0332080836803087,69.3247899159664,13.0355969074371,70,62,77.3333333333333,NA,NA,NA
"MSYSTOLIC","pheWAS","Systolic Mean","BPX",NA,NA,9520,0.0332080836803087,118.866351540616,16.2127718632463,116.666666666667,108,126.666666666667,NA,NA,NA
"ASTHMA","outWAS","ASTHMA (MCQ)","d_outcome_mcq","0; 1","0",9840,0.000710876409058596,NA,NA,NA,NA,NA,2,"0",0.841056910569106
"BRONCHITIS","outWAS","BRONCHITIS (MCQ)","d_outcome_mcq","0; 1","0",8142,0.17314918249213,NA,NA,NA,NA,NA,2,"0",0.948906902480963
"EMPHYSEMA","outWAS","EMPHYSEMA (MCQ)","d_outcome_mcq","0; 1","0",8149,0.172438306083071,NA,NA,NA,NA,NA,2,"0",0.98576512455516
"ANGINA","outWAS","ANGINA (MCQ)","d_outcome_mcq","0; 1","0",8141,0.173250736264852,NA,NA,NA,NA,NA,2,"0",0.984277115833436
"HEART_FAILURE","outWAS","HEART_FAILURE (MCQ)","d_outcome_mcq","0; 1","0",8153,0.17203209099218,NA,NA,NA,NA,NA,2,"0",0.977676928737888
"HEART_ATTACK","outWAS","HEART_ATTACK (MCQ)","d_outcome_mcq","0; 1","0",8144,0.172946074946684,NA,NA,NA,NA,NA,2,"0",0.974336935166994
"STROKE","outWAS","STROKE (MCQ)","d_outcome_mcq","0; 1","0",8136,0.173758505128466,NA,NA,NA,NA,NA,2,"0",0.978736479842675
"CHD","outWAS","CHD (MCQ)","d_outcome_mcq","0; 1","0",8142,0.17314918249213,NA,NA,NA,NA,NA,2,"0",0.982805207565709
"CVD","outWAS","CVD (MCQ)","d_outcome_mcq","0; 1","0",8123,0.17507870417386,NA,NA,NA,NA,NA,2,"0",0.936107349501416
"CANCER_BREAST","outWAS","CANCER_BREAST (MCQ)","d_outcome_mcq","0; 1","0",7737,0.214278460444806,NA,NA,NA,NA,NA,2,"0",0.992632803412175
"CANCER_COLON","outWAS","CANCER_COLON (MCQ)","d_outcome_mcq","0; 1","0",7702,0.217832842490099,NA,NA,NA,NA,NA,2,"0",0.997143599065178
"CANCER_LUNG","outWAS","CANCER_LUNG (MCQ)","d_outcome_mcq","0; 1","0",7685,0.219559256626384,NA,NA,NA,NA,NA,2,"0",0.999349381912817
"CANCER_ESOPHAGEAL","outWAS","CANCER_ESOPHAGEAL (MCQ)","d_outcome_mcq","0; 1","0",7682,0.219863917944552,NA,NA,NA,NA,NA,2,"0",0.999739651132518
"CANCER_PROSTATE","outWAS","CANCER_PROSTATE (MCQ)","d_outcome_mcq","0; 1","0",7733,0.214684675535696,NA,NA,NA,NA,NA,2,"0",0.993146256304151
"CANCER_MOUTH","outWAS","CANCER_MOUTH (MCQ)","d_outcome_mcq","0","0",7680,0.220067025489997,NA,NA,NA,NA,NA,1,"0",1
"DIABETES","outWAS","DIABETES (MCQ)","d_outcome_mcq","0; 1","0",9842,0.000507768863613283,NA,NA,NA,NA,NA,2,"0",0.899512294249136
